-- phpMyAdmin SQL Dump
-- version 5.0.3
-- https://www.phpmyadmin.net/
--
-- Host: 127.0.0.1
-- Generation Time: Jan 27, 2021 at 05:25 AM
-- Server version: 10.4.14-MariaDB
-- PHP Version: 7.4.11

SET SQL_MODE = "NO_AUTO_VALUE_ON_ZERO";
START TRANSACTION;
SET time_zone = "+00:00";


/*!40101 SET @OLD_CHARACTER_SET_CLIENT=@@CHARACTER_SET_CLIENT */;
/*!40101 SET @OLD_CHARACTER_SET_RESULTS=@@CHARACTER_SET_RESULTS */;
/*!40101 SET @OLD_COLLATION_CONNECTION=@@COLLATION_CONNECTION */;
/*!40101 SET NAMES utf8mb4 */;

--
-- Database: `sipdn_web`
--

-- --------------------------------------------------------

--
-- Table structure for table `tb_admin`
--

CREATE TABLE `tb_admin` (
  `id_admin` int(10) NOT NULL,
  `nip` varchar(20) NOT NULL,
  `nama` varchar(100) NOT NULL,
  `jenis_kelamin` enum('Laki-laki','Perempuan') NOT NULL,
  `tanggal_lahir` date NOT NULL,
  `no_hp` varchar(15) NOT NULL,
  `email` varchar(100) NOT NULL,
  `alamat` varchar(100) NOT NULL,
  `photo` varchar(255) DEFAULT NULL,
  `id_user` int(10) DEFAULT NULL
) ENGINE=InnoDB DEFAULT CHARSET=utf8mb4;

--
-- Dumping data for table `tb_admin`
--

INSERT INTO `tb_admin` (`id_admin`, `nip`, `nama`, `jenis_kelamin`, `tanggal_lahir`, `no_hp`, `email`, `alamat`, `photo`, `id_user`) VALUES
(1, '000111222333444555', 'Taufik', 'Laki-laki', '1997-01-01', '085123456789', 'admin@gmail.com', 'trini', NULL, 72);

-- --------------------------------------------------------

--
-- Table structure for table `tb_alamat`
--

CREATE TABLE `tb_alamat` (
  `id_alamat` int(10) NOT NULL,
  `dusun` varchar(50) NOT NULL,
  `desa` varchar(50) NOT NULL,
  `kecamatan` varchar(50) NOT NULL,
  `kabupaten` varchar(50) NOT NULL
) ENGINE=InnoDB DEFAULT CHARSET=latin1;

--
-- Dumping data for table `tb_alamat`
--

INSERT INTO `tb_alamat` (`id_alamat`, `dusun`, `desa`, `kecamatan`, `kabupaten`) VALUES
(81, 'TRINI', 'TRIHANGGO', 'Kec. Gamping', 'Sleman'),
(82, 'TRINI', 'TRINI', 'Kec. Gamping', 'Sleman'),
(83, 'Gedongan', 'Sinduadi', 'Kec. Gamping', 'Sleman'),
(84, 'KWARASAN', 'NOGOTIRTO', 'Kec. Gamping', 'Sleman'),
(85, 'NUSUPAN', 'TRIHANGGO', 'Kec. Gamping', 'Sleman'),
(86, 'Ngawen', 'Trihanggo', 'Kec. Gamping', 'Sleman'),
(87, 'TRINI', 'TRIHANGGO', 'Kec. Gamping', 'Sleman'),
(88, 'TRINI', 'TRIHANGGO', 'Kec. Gamping', 'Sleman'),
(89, 'PUNDONG 1', 'TIRTOADI', 'Kec. Mlati', 'Sleman'),
(90, 'TRINI', 'TRIHANGGO', 'Kec. Gamping', 'Sleman'),
(91, 'TRINI', 'SINDUADI', 'Kec. Mlati', 'Sleman'),
(92, 'TRINI', 'TRIHANGGO', 'Kec. Gamping', 'Sleman'),
(93, 'Baturan', 'Baturan', 'Kec. Gamping', 'Sleman'),
(94, 'BATURAN', 'TRIHANGGO', 'Kec. Gamping', 'Sleman'),
(95, '-', 'TRIHANGGO', 'Kec. Gamping', 'Sleman'),
(96, 'MURANGAN VVI', 'triharjo', 'Kec. Mlati', 'Sleman'),
(97, 'TRINI', 'TRIHANGGO', 'Kec. Gamping', 'Sleman'),
(98, 'NITIPURAN', 'NGESTI HARJO', 'Kec. Kasihan', 'Sleman'),
(99, '-', 'SENDANGADI', 'Kec. Mlati', 'Sleman'),
(100, 'Pogung Dalangan', 'Sinduadi', 'Kec. Mlati', 'Sleman'),
(101, '-', '-', 'Kec. Gamping', 'Sleman'),
(102, 'GAMPING KIDUL', 'AMBARKETAWANG', 'Kec. Gamping', 'Sleman'),
(103, 'TRINI', 'TRIHANGGO', 'Kec. Gamping', 'Sleman'),
(104, 'NGANTI', 'SENDANGADI', 'Kec. Mlati', 'Sleman'),
(105, 'TUGURAN', 'NOGOTIRTO', 'Kec. Gamping', 'Sleman'),
(106, 'GETAS GANDEKAN', 'TLOGOADI', 'Kec. Mlati', 'Sleman'),
(107, 'Kutu Asem', 'Sinduadi', 'Kec. Mlati', 'Sleman'),
(108, 'SALAKAN', 'TRIHANGGO', 'Kec. Gamping', 'Sleman'),
(109, '-', '-', 'Kec. Gamping', 'Sleman'),
(110, 'POGUNG REJO', 'SINDUADI', 'Kec. Mlati', 'Sleman'),
(111, 'TRINI', 'SINDUADI', 'Kec. Mlati', 'Sleman'),
(112, 'TRINI', 'TRIHANGGO', 'Kec. Gamping', 'Sleman'),
(113, '-', 'SINDUADI', 'Kec. Mlati', 'Sleman'),
(114, '-', 'SIDOMOYO', 'Kec. Godean', 'Sleman'),
(115, 'JANTURAN  ', 'WARUNGBOTO', 'Kec. Umbulharjo', 'Sleman'),
(116, 'TRINI', 'TRIHANGGO', 'Kec. Gamping', 'Sleman'),
(117, 'TRINI', 'TRIHANGGO', 'Kec. Gamping', 'Sleman'),
(118, 'NGAWEN', 'TRIHANGGO', 'Kec. Gamping', 'Sleman'),
(119, 'Gedongan', 'Sinduadi', 'Kec. Mlati', 'Sleman'),
(120, '-', 'Trihanggo', 'Kec. Gamping', 'Sleman'),
(121, '-', 'Sinduadi', 'Kec. Mlati', 'Sleman'),
(122, 'JETIS', 'Sinduadi', 'Kec. Mlati', 'Sleman'),
(123, '-', 'MLATI', 'Kec. Mlati', 'Sleman'),
(124, 'BATURAN', 'TRIHANGGO', 'Kec. Gamping', 'Sleman'),
(125, 'Mulyorejo', 'Kupang', 'Kupang', 'Sleman'),
(126, 'BATURAN', 'TRIHANGGO', 'Kec. Gamping', 'Sleman'),
(127, 'KANCILAN JABAN', 'SINDUHARJO', 'Kec. Gamping', 'Sleman'),
(128, 'TRINI', 'TRIHANGGO', 'Kec. Gamping', 'Sleman'),
(129, '-', '-', 'Kec. Gamping', 'Sleman'),
(130, 'Desa Sukomulyo', 'Sukomulyo', 'Kec. Kaliwungu Selatan', 'Sleman'),
(131, 'KAINGAN PONOWAREN', 'NOGOTIRTO', 'Kec. Gamping', 'Sleman'),
(132, 'GEDONGAN', 'SINDUADI', 'Kec. Mlati', 'Sleman'),
(133, 'TRIHANGGO', 'TRIHANGGO', 'Kec. Gamping', 'Sleman'),
(134, 'Trini', 'Sinduadi', 'Kec. Mlati', 'Sleman'),
(135, 'BATURAN', 'TRIHANGGO', 'Kec. Gamping', 'Sleman'),
(136, 'BLUNYAHREJO', 'KARANGWARU', 'Kec. Tegalrejo', 'Sleman'),
(137, 'PANGGUNGAN', 'TRIHANGGO', 'Kec. Gamping', 'Sleman'),
(138, 'PUNDONG 2', 'TIRTOADI', 'Kec. Mlati', 'Sleman'),
(139, 'TRINI', 'SINDUADI', 'Kec. Mlati', 'Sleman'),
(140, 'TRINI', 'TRIHANGGO', 'Kec. Gamping', 'Sleman'),
(141, 'Biru', 'Trihanggo', 'Kec. Gamping', 'Sleman'),
(142, 'PATRAN TEGAL', 'SINDUADI', 'Kec. Mlati', 'Sleman'),
(143, 'TUGURAN', 'NOGOTIRTO', 'Kec. Gamping', 'Sleman'),
(144, 'JAMBON', 'TRIHANGGO', 'Kec. Gamping', 'Sleman'),
(145, 'Tegalsari', 'Tegaltirto', 'Kec. Berbah', 'Sleman'),
(146, 'PANGGUNGAN', 'TRIHANGGO', 'Kec. Gamping', 'Sleman'),
(147, 'BRAGASAN', 'TRIHANGGO', 'Kec. Gamping', 'Sleman'),
(148, 'JONGKE TENGAH', 'SENDANGADI', 'Kec. Mlati', 'Sleman'),
(149, '-', 'Nogotirto', 'Kec. Gamping', 'Sleman'),
(150, 'SALAKAN', 'TRIHANGGO', 'Kec. Gamping', 'Sleman'),
(151, 'KWARASAN', 'NOGOTIRTO', 'Kec. Gamping', 'Sleman'),
(152, 'NGAWEN', 'TRIHANGGO', 'Kec. Gamping', 'Sleman'),
(153, '-', 'SINDUADI', 'Kec. Mlati', 'Sleman'),
(154, 'PANGGUNGAN', 'TRIHANGGO', 'Kec. Gamping', 'Sleman'),
(155, 'KUTU RADEN', 'SINDUADI', 'Kec. Mlati', 'Sleman'),
(156, 'Biru', 'Trihanggo', 'Kec. Gamping', 'Sleman'),
(157, 'DONOKITRI', 'TRIHANGGO', 'Kec. Gamping', 'Sleman'),
(158, 'TRINI', 'TRIHANGGO', 'Kec. Gamping', 'Sleman'),
(159, '-', 'NOGOTIRTO', 'Kec. Gamping', 'Sleman'),
(160, 'NUSUPAN', 'TRIHANGGO', 'Kec. Gamping', 'Sleman'),
(161, '-', 'Tihanggo', 'Kec. Gamping', 'Sleman'),
(162, 'Kwarasan', 'Nogotirto', 'Kec. Gamping', 'Sleman'),
(163, '-', 'TRIHANGGO', 'Kec. Gamping', 'Sleman'),
(164, 'TRINI', 'GAMPING', 'Kec. Mlati', 'Sleman'),
(165, 'KRONGGAHAN I', 'TRIHANGGO', 'Kec. Gamping', 'Sleman'),
(166, 'TRINI', 'SINDUADI', 'Kec. Mlati', 'Sleman'),
(167, 'RAJEK NGEMPLAK', 'TIRTOADI', 'Kec. Gamping', 'Sleman'),
(168, 'DONOKITRI', 'TRIHANGGO', 'Kec. Gamping', 'Sleman'),
(169, 'BATURAN', 'TRIHANGGO', 'Kec. Gamping', 'Sleman'),
(170, 'Mayangan', 'Trihanggo', 'Kec. Gamping', 'Sleman'),
(171, '-', 'TRIHANGGO', 'Kec. Gamping', 'Sleman'),
(172, 'Gedongan', 'Sinduadi', 'Kec. Mlati', 'Sleman'),
(173, 'NGENTAK GEDE BEDOG', 'TRIHANGGO', 'Kec. Gamping', 'Sleman'),
(174, 'GEDONGAN', 'SINDUADI', 'Kec. Mlati', 'Sleman'),
(175, 'TRINI', 'TRIHANGGO', 'Kec. Gamping', 'Sleman'),
(176, 'Trini', 'Trihanggo', 'Kec. Gamping', 'Sleman'),
(177, 'TRINI', 'TRIHANGGO', 'Kec. Gamping', 'Sleman'),
(178, 'TRINI', 'TRIHANGGO', 'Kec. Gamping', 'Sleman'),
(179, 'BEDOG', 'TRIHANGGO', 'Kec. Gamping', 'Sleman'),
(180, 'BATURAN LOR', 'TRIHANGGO', 'Kec. Gamping', 'Sleman'),
(181, 'Trihanggo', 'Trihanggo', 'Kec. Gamping', 'Sleman'),
(182, 'Trini', 'Trihanggo', 'Kec. Gamping', 'Sleman'),
(183, 'KWARASAN', 'NOGOTIRTO', 'Kec. Gamping', 'Sleman'),
(184, 'GAMPING KIDUL', 'AMBARKETAWANG', 'Kec. Gamping', 'Sleman'),
(185, 'Gedongan', 'Sinduadi', 'Kec. Mlati', 'Sleman'),
(186, 'TRINI', 'TRIHANGGO', 'Kec. Gamping', 'Sleman'),
(187, 'TRINI', 'SINDUADI', 'Kec. Mlati', 'Sleman'),
(188, 'TRINI', 'TRIHANGGO', 'Kec. Gamping', 'Sleman'),
(189, 'Jambon', 'Trihanggo', 'Kec. Gamping', 'Sleman'),
(190, 'Trini', 'Trihanggo', 'Kec. Gamping', 'Sleman'),
(191, 'TRINI', 'TRIHANGGO', 'Kec. Gamping', 'Sleman'),
(192, 'Trini', 'Trihanggo', 'Kec. Gamping', 'Sleman'),
(193, 'Jambon', 'Trihanggo', 'Kec. Gamping', 'Sleman'),
(194, 'JAMBON', 'TRIHANGGO', 'Kec. Gamping', 'Sleman'),
(195, 'Trini', 'Trihanggo', 'Kec. Gamping', 'Sleman'),
(196, 'Trini', 'Trihanggo', 'Kec. Gamping', 'Sleman'),
(197, 'Karang Tengah', 'Nogotirto', 'Kec. Gamping', 'Sleman'),
(198, 'TRINI', 'TRIHANGGO', 'Kec. Gamping', 'Sleman'),
(199, 'Ngawen', 'Trihanggo', 'Kec. Gamping', 'Sleman'),
(200, 'Trini', 'Trihanggo', 'Kec. Gamping', 'Sleman'),
(201, 'Trini', 'Trihanggo', 'Kec. Gamping', 'Sleman'),
(202, 'TRINI', 'TRIHANGGO', 'Kec. Gamping', 'Sleman'),
(203, '-', 'Sinduadi', 'Kec. Mlati', 'Sleman'),
(204, 'BRAGASAN MAYANGAN', 'TRIHANGGO', 'Kec. Gamping', 'Sleman'),
(205, 'Karangbajang', 'Tlogoadi', 'Kec. Mlati', 'Sleman'),
(206, 'Trini', 'Sinduadi', 'Kec. Mlati', 'Sleman'),
(207, 'Paingan', 'Maguwoharjo', 'Kec. Depok', 'Sleman'),
(208, 'NGAWEN', 'TRIHANGGO', 'Kec. Gamping', 'Sleman'),
(209, 'KUTU ASEM', 'SINDUADI', 'Kec. Mlati', 'Sleman'),
(210, 'Donokitri', 'Trihanggo', 'Kec. Gamping', 'Sleman'),
(211, 'Trini', 'Trihanggo', 'Kec. Gamping', 'Sleman'),
(212, 'Trini', 'Trihanggo', 'Kec. Gamping', 'Sleman'),
(213, 'PANGGUNGAN', 'TRIHANGGO', 'Kec. Gamping', 'Sleman'),
(214, 'TRINI', 'TRIHANGGO', 'Kec. Gamping', 'Sleman'),
(215, 'Mayangan', 'Trihanggo', 'Kec. Gamping', 'Sleman'),
(216, 'TRINI', 'TRIHANGGO', 'Kec. Gamping', 'Sleman'),
(217, 'Trini', 'Trihanggo', 'Kec. Gamping', 'Sleman'),
(218, 'Kutu Raden', 'Sinduadi', 'Kec. Mlati', 'Sleman'),
(219, 'TRINI', 'TRIHANGGO', 'Kec. Gamping', 'Sleman'),
(220, 'Trini', 'Trihanggo', 'Kec. Gamping', 'Sleman'),
(221, 'Donokitri', 'Trihanggo', 'Kec. Gamping', 'Sleman'),
(222, 'Trini', 'Trihanggo', 'Kec. Gamping', 'Sleman'),
(223, 'Kutu Asem', 'Sinduadi', 'Kec. Mlati', 'Sleman'),
(224, 'Trini', 'Trihanggo', 'Kec. Gamping', 'Sleman'),
(225, 'Trini', 'Trihanggo', 'Kec. Gamping', 'Sleman'),
(226, 'TRINI', 'TRIHANGGO', 'Kec. Gamping', 'Sleman'),
(227, 'Trini', 'Trihanggo', 'Kec. Gamping', 'Sleman'),
(228, 'Bragasan', 'Trihanggo', 'Kec. Gamping', 'Sleman'),
(229, 'Kutu Asem', 'Sinduadi', 'Kec. Mlati', 'Sleman'),
(230, 'Trini', 'Trihanggo', 'Kec. Gamping', 'Sleman'),
(231, 'TRINI', 'TRIHANGGO', 'Kec. Gamping', 'Sleman'),
(232, 'Bragasan', 'Trihanggo', 'Kec. Gamping', 'Sleman'),
(233, 'TRINI', 'SINDUADI', 'Kec. Mlati', 'Sleman'),
(234, 'Baturan Kidul', 'Trihanggo', 'Kec. Gamping', 'Sleman'),
(235, 'Gedongan', 'Sinduadi', 'Kec. Mlati', 'Sleman'),
(236, 'Kutu Raden', 'Sinduadi', 'Kec. Mlati', 'Sleman'),
(237, 'Baturan', 'Trihanggo', 'Kec. Gamping', 'Sleman'),
(238, 'Gabahan', 'Sumberadi', 'Kec. Mlati', 'Sleman'),
(239, 'Gedongan', 'Sinduadi', 'Kec. Mlati', 'Sleman'),
(240, 'Duwet', 'Sendangadi', 'Kec. Mlati', 'Sleman'),
(241, 'Biru', 'Trihanggo', 'Kec. Gamping', 'Sleman'),
(242, 'Salakan', 'Trihanggo', 'Kec. Gamping', 'Sleman'),
(243, 'Kragilan', 'Sinduadi', 'Kec. Mlati', 'Sleman'),
(244, 'Biru', 'Trihanggo', 'Kec. Gamping', 'Sleman'),
(245, 'MAYANGAN', 'TRIHANGGO', 'Kec. Gamping', 'Sleman'),
(247, 'TRINI', 'SINDUADI', 'Kec. Mlati', 'Sleman'),
(248, 'PERUM GRIYA ARGA PERMAI KWARASAN', 'NOGOTIRTO', 'Kec. Gamping', 'Sleman'),
(249, 'TRINI', 'TRIHANGGO', 'Kec. Gamping', 'Sleman'),
(250, 'TRINI', 'TRIHANGGO', 'Kec. Gamping', 'Sleman'),
(251, 'TRINI', 'TRIHANGGO', 'Kec. Gamping', 'Sleman'),
(252, 'TRINI', 'TRIHANGGO', 'Kec. Gamping', 'Sleman'),
(253, 'TRINI', 'TRIHANGGO', 'Kec. Gamping', 'Sleman'),
(254, 'NGAGLIK', 'SINDUADI', 'Kec. Mlati', 'Sleman'),
(255, 'TRINI', 'TRIHANGGO', 'Kec. Gamping', 'Sleman'),
(256, 'BATURAN', 'TRIHANGGO', 'Kec. Gamping', 'Sleman'),
(257, 'JAMBON', 'TRIHANGGO', 'Kec. Gamping', 'Sleman'),
(258, 'TRINI', 'TRIHANGGO', 'Kec. Gamping', 'Sleman'),
(259, 'GEDONGAN', 'SINDUADI', 'Kec. Mlati', 'Sleman'),
(260, 'TUGURAN', 'NOGOTIRTO', 'Kec. Gamping', 'Sleman'),
(261, 'TRINI', 'TRIHANGGO', 'Kec. Gamping', 'Sleman'),
(262, '-', 'Ulee Patta', 'Kec. Jaya Baru', 'Sleman'),
(263, 'TRINI', 'SINDUADI', 'Kec. Mlati', 'Sleman'),
(264, 'Gedongan', 'Sinduadi', 'Kec. Mlati', 'Sleman'),
(265, 'DONOKITRI MAYANGAN', 'TRIHANGGO', 'Kec. Gamping', 'Sleman'),
(266, 'JAMBON', 'TRIHANGGO', 'Kec. Gamping', 'Sleman'),
(267, 'KWARASAN', 'NOGOTIRTO', 'Kec. Gamping', 'Sleman'),
(268, 'KARANG TENGAH', 'NOGOTIRTO', 'Kec. Gamping', 'Sleman'),
(269, 'NANDAN', 'SARIHARJO', 'Kec. Ngaglik', 'Sleman'),
(270, 'TRINI', 'TRIHANGGO', 'Kec. Gamping', 'Sleman'),
(271, 'Gedongan', 'Sinduadi', 'Kec. Mlati', 'Sleman'),
(272, 'TRINI', 'TRIHANGGO', 'Kec. Gamping', 'Sleman'),
(273, 'NGAWEN', 'TRIHANGGO', 'Kec. Gamping', 'Sleman'),
(274, 'MAYANGAN', 'TRIHANGGO', 'Kec. Gamping', 'Sleman'),
(275, 'KEDON BEDOG', 'TRIHANGGO', 'Kec. Gamping', 'Sleman'),
(276, 'SALAKAN', 'TRIHANGGO', 'Kec. Gamping', 'Sleman'),
(277, 'NGAWEN', 'TRIHANGGO', 'Kec. Gamping', 'Sleman'),
(278, 'JETIS', 'Sinduadi', 'Kec. Mlati', 'Sleman'),
(279, 'TRINI', 'TRIHANGGO', 'Kec. Gamping', 'Sleman'),
(280, 'TRINI', 'TRIHANGGO', 'Kec. Gamping', 'Sleman'),
(281, 'NGAWEN', 'TRIHANGGO', 'Kec. Gamping', 'Sleman'),
(282, 'TRINI', 'SINDUADI', 'Kec. Mlati', 'Sleman'),
(283, 'DONOKITRI', 'TRIHANGGO', 'Kec. Gamping', 'Sleman'),
(284, 'JOMBOR LOR', 'SINDUADI', 'Kec. Mlati', 'Sleman'),
(285, 'PANGGUNGAN', 'TRIHANGGO', 'Kec. Gamping', 'Sleman'),
(286, 'TRINI', 'SINDUADI', 'Kec. Gamping', 'Sleman'),
(287, 'Ngluwak', 'Jatikuwung', 'Kec. Jatipuro', 'Karanganyar'),
(288, 'BRAGASAN', 'TRIHANGGO', 'Kec. Gamping', 'Sleman'),
(289, 'JONGKE TENGAH', 'SENDANGADI', 'Kec. Mlati', 'Sleman'),
(290, '-', 'TRIHANGGO', 'Kec. Gamping', 'Sleman'),
(291, 'TRINI', 'TRIHANGGO', 'Kec. Gamping', 'Sleman'),
(292, 'TRINI', 'SINDUADI', 'Kec. Gamping', 'Sleman'),
(293, 'TRINI', 'SINDUADI', 'Kec. Mlati', 'Sleman'),
(294, 'Ling Mendut II', 'Mendut', 'Kec. Magelang Tengah', 'Magelang'),
(295, 'MULUNGAN WETAN', 'SENDANGADI', 'Kec. Mlati', 'Sleman'),
(296, 'Karang Bajang', 'Sinduadi', 'Kec. Mlati', 'Sleman'),
(297, 'Modinan', 'Trihanggo', 'Kec. Gamping', 'Sleman'),
(298, 'JAMBON', 'TRIHANGGO', 'Kec. Gamping', 'Sleman'),
(299, 'BRAGASAN', 'TRIHANGGO', 'Kec. Gamping', 'Sleman'),
(300, 'Dlanggon', 'Blanceran', 'Kec. Karanganom', 'Sleman'),
(301, 'BRAGASAN', 'TRIHANGGO', 'Kec. Gamping', 'Sleman'),
(302, 'PATRAN', 'BANYURADEN', 'Kec. Gamping', 'Sleman'),
(303, 'Jambon', 'Trihanggo', 'Kec. Gamping', 'Sleman'),
(304, 'TRINI', 'TRIHANGGO', 'Kec. Gamping', 'Sleman'),
(305, 'Tuguran', 'Nogotirto', 'Kec. Gamping', 'Sleman'),
(306, 'TRINI', 'TRIHANGGO', 'Kec. Gamping', 'Sleman'),
(307, 'TRINI', 'TRIHANGGO', 'Kec. Gamping', 'Sleman'),
(308, '-', 'TRIHANGGO', 'Kec. Gamping', 'Sleman'),
(309, '-', 'CIPAYUNG', 'Kec. Cipayung', 'Jakarta Timur'),
(310, 'Gedongan', 'Sinduadi', 'Kec. Mlati', 'Sleman'),
(311, 'TRINI', 'SINDUADI', 'Kec. Mlati', 'Sleman'),
(312, 'TRINI', 'SINDUADI', 'Kec. Mlati', 'Sleman'),
(313, 'TRINI', 'TRIHANGGO', 'Kec. Gamping', 'Sleman'),
(314, 'PANGGUNGAN', 'TRIHANGGO', 'Kec. Gamping', 'Sleman'),
(315, '-', 'TRIHANGGO', 'Kec. Gamping', 'Sleman'),
(316, 'JAMBON', 'TRIHANGGO', 'Kec. Gamping', 'Sleman'),
(317, 'TRINI', 'TRIHANGGO', 'Kec. Gamping', 'Sleman'),
(318, 'Tambak', 'Ngestiharjo', 'Kec. Kasihan', 'Sleman'),
(319, 'TRINI', 'TRIHANGGO', 'Kec. Gamping', 'Sleman'),
(320, 'BRAGASAN', 'TRIHANGGO', 'Kec. Gamping', 'Sleman'),
(321, 'JETIS', 'SINDUADI', 'Kec. Mlati', 'Sleman'),
(322, 'JAMBON', 'TRIHANGGO', 'Kec. Gamping', 'Sleman'),
(323, 'Jetis', 'Sinduadi', 'Kec. Mlati', 'Sleman'),
(324, 'TRINI', 'TRIHANGGO', 'Kec. Gamping', 'Sleman'),
(325, '-', 'CONDONGCATUR', 'Kec. Depok', 'Sleman'),
(326, 'TRINI', 'TRIHANGGO', 'Kec. Gamping', 'Sleman'),
(327, 'TRINI', 'TRIHANGGO', 'Kec. Gamping', 'Sleman'),
(328, 'TRINI', 'TRIHANGGO', 'Kec. Gamping', 'Sleman'),
(329, 'DONOKITRI', 'TRIHANGGO', 'Kec. Gamping', 'Sleman'),
(330, 'TRINI', 'TRIHANGGO', 'Kec. Gamping', 'Sleman'),
(331, '-', 'Trihanggo', 'Kec. Gamping', 'Sleman'),
(332, '-', 'TRIHANGGO', 'Kec. Gamping', 'Sleman'),
(333, 'TRINI', 'TRIHANGGO', 'Kec. Gamping', 'Sleman'),
(334, 'TRINI', 'sinduadi', 'Kec. Mlati', 'Sleman'),
(335, 'Trini', 'Trihanggo', 'Kec. Gamping', 'Sleman'),
(336, 'Gedongan', 'Sinduadi', 'Kec. Mlati', 'Sleman'),
(337, 'BEDOG', 'TRIHANGGO', 'Kec. Gamping', 'Sleman'),
(338, 'Trini', 'Sinduadi', 'Kec. Mlati', 'Sleman'),
(339, 'Baturan', 'Trihanggo', 'Kec. Gamping', 'Sleman'),
(340, 'KWARASAN', 'NOGOTIRTO', 'Kec. Gamping', 'Sleman'),
(341, '-', 'TRIHANGGO', 'Kec. Gamping', 'Sleman'),
(342, 'Trini', 'Trihanggo', 'Kec. Gamping', 'Sleman'),
(343, 'TRINI', 'TRIHANGGO', 'Kec. Gamping', 'Sleman'),
(344, 'TRINI', 'TRIHANGGO', 'Kec. Gamping', 'Sleman'),
(345, 'Biru', 'Trihanggo', 'Kec. Gamping', 'Sleman'),
(346, 'Mayangan', 'Trihanggo', 'Kec. Gamping', 'Sleman'),
(347, 'TRINI', 'SINDUADI', 'Kec. Gamping', 'Sleman'),
(348, 'TUGURAN', 'NOGOTIRTO', 'Kec. Gamping', 'Sleman'),
(349, 'Trini', 'Trihanggo', 'Kec. Gamping', 'Sleman'),
(350, 'Trini', 'Sinduadi', 'Kec. Mlati', 'Sleman'),
(351, '-', 'Trihanggo', 'Kec. Gamping', 'Sleman'),
(352, 'BRAGASAN MAYANGAN', 'TRIHANGGO', 'Kec. Gamping', 'Sleman'),
(353, 'BATURAN', 'TRIHANGGO', 'Kec. Tegalrejo', 'Yogyakarta'),
(354, 'Trini', 'Trihanggo', 'Kec. Gamping', 'Sleman'),
(355, 'Baturan', 'Trihanggo', 'Kec. Gamping', 'Sleman'),
(356, 'Trini', 'Sinduadi', 'Kec. Gamping', 'Sleman'),
(357, 'Trini', 'Trihanggo', 'Kec. Gamping', 'Sleman'),
(358, 'TRINI', 'TRIHANGG0', 'Kec. Gamping', 'Sleman');

-- --------------------------------------------------------

--
-- Table structure for table `tb_arsipnilai`
--

CREATE TABLE `tb_arsipnilai` (
  `id_arsip` int(11) NOT NULL,
  `jenis` varchar(20) NOT NULL,
  `nilai` float NOT NULL,
  `id_kd` int(10) DEFAULT NULL,
  `id_datasiswa` int(11) DEFAULT NULL
) ENGINE=InnoDB DEFAULT CHARSET=utf8mb4;

--
-- Dumping data for table `tb_arsipnilai`
--

INSERT INTO `tb_arsipnilai` (`id_arsip`, `jenis`, `nilai`, `id_kd`, `id_datasiswa`) VALUES
(163, 'Ulangan Harian 2', 80, 583, 37),
(164, 'Ulangan Harian 2', 80, 583, 38),
(165, 'Ulangan Harian 2', 85, 583, 39),
(166, 'Ulangan Harian 2', 80, 583, 40),
(167, 'Ulangan Harian 2', 85, 583, 41),
(168, 'Ulangan Harian 2', 90, 583, 42),
(169, 'Ulangan Harian 2', 90, 583, 43),
(170, 'Ulangan Harian 2', 95, 583, 44),
(171, 'Ulangan Harian 2', 80, 583, 45),
(172, 'Ulangan Harian 2', 85, 583, 46),
(173, 'Ulangan Harian 2', 85, 583, 47),
(174, 'Ulangan Harian 2', 70, 583, 48),
(175, 'Ulangan Harian 2', 75, 583, 49),
(176, 'Ulangan Harian 2', 75, 583, 50),
(177, 'Ulangan Harian 2', 70, 583, 51),
(178, 'Ulangan Harian 2', 80, 583, 52),
(179, 'Ulangan Harian 2', 80, 583, 53),
(180, 'Ulangan Harian 2', 85, 583, 54),
(181, 'Ulangan Harian 2', 90, 583, 55),
(182, 'Ulangan Harian 2', 95, 583, 56),
(183, 'Ulangan Harian 2', 85, 583, 57),
(184, 'Ulangan Harian 2', 80, 583, 58),
(185, 'Ulangan Harian 2', 70, 583, 59),
(186, 'Ulangan Harian 2', 75, 583, 60),
(187, 'Ulangan Harian 2', 70, 583, 61),
(188, 'Ulangan Harian 2', 75, 583, 62),
(189, 'Ulangan Harian 2', 75, 583, 63),
(217, 'Ulangan Harian 1', 80, 583, 37),
(218, 'Ulangan Harian 1', 85, 583, 38),
(219, 'Ulangan Harian 1', 85, 583, 39),
(220, 'Ulangan Harian 1', 85, 583, 40),
(221, 'Ulangan Harian 1', 80, 583, 41),
(222, 'Ulangan Harian 1', 80, 583, 42),
(223, 'Ulangan Harian 1', 80, 583, 43),
(224, 'Ulangan Harian 1', 85, 583, 44),
(225, 'Ulangan Harian 1', 90, 583, 45),
(226, 'Ulangan Harian 1', 95, 583, 46),
(227, 'Ulangan Harian 1', 85, 583, 47),
(228, 'Ulangan Harian 1', 80, 583, 48),
(229, 'Ulangan Harian 1', 85, 583, 49),
(230, 'Ulangan Harian 1', 80, 583, 50),
(231, 'Ulangan Harian 1', 85, 583, 51),
(232, 'Ulangan Harian 1', 80, 583, 52),
(233, 'Ulangan Harian 1', 80, 583, 53),
(234, 'Ulangan Harian 1', 70, 583, 54),
(235, 'Ulangan Harian 1', 75, 583, 55),
(236, 'Ulangan Harian 1', 85, 583, 56),
(237, 'Ulangan Harian 1', 80, 583, 57),
(238, 'Ulangan Harian 1', 80, 583, 58),
(239, 'Ulangan Harian 1', 85, 583, 59),
(240, 'Ulangan Harian 1', 85, 583, 60),
(241, 'Ulangan Harian 1', 90, 583, 61),
(242, 'Ulangan Harian 1', 90, 583, 62),
(243, 'Ulangan Harian 1', 90, 583, 63);

-- --------------------------------------------------------

--
-- Table structure for table `tb_datasiswa`
--

CREATE TABLE `tb_datasiswa` (
  `id_datasiswa` int(11) NOT NULL,
  `id_siswa` int(11) NOT NULL,
  `id_kelas` int(11) NOT NULL,
  `tahun_ajaran` varchar(100) DEFAULT NULL
) ENGINE=InnoDB DEFAULT CHARSET=utf8mb4;

--
-- Dumping data for table `tb_datasiswa`
--

INSERT INTO `tb_datasiswa` (`id_datasiswa`, `id_siswa`, `id_kelas`, `tahun_ajaran`) VALUES
(37, 71, 31, '2020/2021'),
(38, 72, 31, '2020/2021'),
(39, 73, 31, '2020/2021'),
(40, 74, 31, '2020/2021'),
(41, 75, 31, '2020/2021'),
(42, 76, 31, '2020/2021'),
(43, 77, 31, '2020/2021'),
(44, 78, 31, '2020/2021'),
(45, 79, 31, '2020/2021'),
(46, 80, 31, '2020/2021'),
(47, 111, 31, '2020/2021'),
(48, 82, 31, '2020/2021'),
(49, 83, 31, '2020/2021'),
(50, 84, 31, '2020/2021'),
(51, 85, 31, '2020/2021'),
(52, 86, 31, '2020/2021'),
(53, 87, 31, '2020/2021'),
(54, 88, 31, '2020/2021'),
(55, 89, 31, '2020/2021'),
(56, 90, 31, '2020/2021'),
(57, 91, 31, '2020/2021'),
(58, 92, 31, '2020/2021'),
(59, 93, 31, '2020/2021'),
(60, 94, 31, '2020/2021'),
(61, 95, 31, '2020/2021'),
(62, 96, 31, '2020/2021'),
(63, 97, 31, '2020/2021'),
(64, 98, 32, '2020/2021'),
(65, 99, 32, '2020/2021'),
(66, 100, 32, '2020/2021'),
(67, 101, 32, '2020/2021'),
(68, 102, 32, '2020/2021'),
(69, 103, 32, '2020/2021'),
(70, 104, 32, '2020/2021'),
(71, 105, 32, '2020/2021'),
(72, 107, 32, '2020/2021'),
(73, 108, 32, '2020/2021'),
(74, 109, 32, '2020/2021'),
(75, 110, 32, '2020/2021'),
(76, 81, 32, '2020/2021'),
(77, 112, 32, '2020/2021'),
(78, 113, 32, '2020/2021'),
(79, 114, 32, '2020/2021'),
(80, 115, 32, '2020/2021'),
(81, 116, 32, '2020/2021'),
(82, 117, 32, '2020/2021'),
(83, 118, 32, '2020/2021'),
(84, 119, 32, '2020/2021'),
(85, 120, 32, '2020/2021'),
(86, 121, 32, '2020/2021'),
(87, 122, 32, '2020/2021'),
(88, 123, 32, '2020/2021'),
(89, 124, 32, '2020/2021'),
(90, 125, 33, '2020/2021'),
(91, 126, 33, '2020/2021'),
(92, 127, 33, '2020/2021'),
(93, 128, 33, '2020/2021'),
(94, 129, 33, '2020/2021'),
(95, 130, 33, '2020/2021'),
(96, 131, 33, '2020/2021'),
(97, 132, 33, '2020/2021'),
(98, 133, 33, '2020/2021'),
(99, 134, 33, '2020/2021'),
(100, 135, 33, '2020/2021'),
(101, 136, 33, '2020/2021'),
(102, 137, 33, '2020/2021'),
(103, 138, 33, '2020/2021'),
(104, 139, 33, '2020/2021'),
(105, 140, 33, '2020/2021'),
(106, 141, 33, '2020/2021'),
(107, 142, 33, '2020/2021'),
(108, 143, 33, '2020/2021'),
(109, 144, 33, '2020/2021'),
(110, 145, 33, '2020/2021'),
(111, 146, 33, '2020/2021'),
(112, 147, 33, '2020/2021'),
(113, 148, 33, '2020/2021'),
(114, 149, 34, '2020/2021'),
(115, 150, 34, '2020/2021'),
(116, 151, 34, '2020/2021'),
(117, 152, 34, '2020/2021'),
(118, 153, 34, '2020/2021'),
(119, 154, 34, '2020/2021'),
(120, 155, 34, '2020/2021'),
(121, 156, 34, '2020/2021'),
(122, 157, 34, '2020/2021'),
(123, 158, 34, '2020/2021'),
(124, 159, 34, '2020/2021'),
(125, 160, 34, '2020/2021'),
(126, 162, 34, '2020/2021'),
(127, 163, 34, '2020/2021'),
(128, 164, 34, '2020/2021'),
(129, 165, 34, '2020/2021'),
(130, 166, 34, '2020/2021'),
(131, 167, 34, '2020/2021'),
(132, 169, 34, '2020/2021'),
(133, 170, 34, '2020/2021'),
(134, 171, 34, '2020/2021'),
(135, 172, 34, '2020/2021'),
(136, 173, 34, '2020/2021'),
(137, 174, 34, '2020/2021'),
(138, 175, 34, '2020/2021'),
(139, 176, 34, '2020/2021'),
(140, 177, 34, '2020/2021'),
(141, 178, 35, '2020/2021'),
(142, 180, 35, '2020/2021'),
(143, 181, 35, '2020/2021'),
(144, 182, 35, '2020/2021'),
(145, 183, 35, '2020/2021'),
(146, 184, 35, '2020/2021'),
(147, 185, 35, '2020/2021'),
(148, 186, 35, '2020/2021'),
(149, 187, 35, '2020/2021'),
(150, 188, 35, '2020/2021'),
(151, 189, 35, '2020/2021'),
(152, 190, 35, '2020/2021'),
(153, 191, 35, '2020/2021'),
(154, 192, 35, '2020/2021'),
(155, 193, 35, '2020/2021'),
(156, 194, 35, '2020/2021'),
(157, 195, 35, '2020/2021'),
(158, 196, 35, '2020/2021'),
(159, 197, 35, '2020/2021'),
(160, 198, 35, '2020/2021'),
(161, 199, 35, '2020/2021'),
(162, 202, 35, '2020/2021'),
(163, 203, 35, '2020/2021'),
(164, 204, 35, '2020/2021'),
(165, 205, 36, '2020/2021'),
(166, 206, 36, '2020/2021'),
(167, 207, 36, '2020/2021'),
(168, 208, 36, '2020/2021'),
(169, 179, 36, '2020/2021'),
(170, 210, 36, '2020/2021'),
(171, 211, 36, '2020/2021'),
(172, 212, 36, '2020/2021'),
(173, 213, 36, '2020/2021'),
(174, 214, 36, '2020/2021'),
(175, 215, 36, '2020/2021'),
(176, 217, 36, '2020/2021'),
(177, 218, 36, '2020/2021'),
(178, 219, 36, '2020/2021'),
(179, 220, 36, '2020/2021'),
(180, 222, 36, '2020/2021'),
(181, 224, 36, '2020/2021'),
(182, 225, 36, '2020/2021'),
(183, 226, 36, '2020/2021'),
(184, 227, 36, '2020/2021'),
(185, 228, 36, '2020/2021'),
(186, 229, 36, '2020/2021'),
(187, 200, 36, '2020/2021'),
(188, 230, 36, '2020/2021'),
(189, 201, 36, '2020/2021'),
(190, 231, 36, '2020/2021'),
(191, 232, 36, '2020/2021'),
(192, 233, 36, '2020/2021'),
(193, 234, 36, '2020/2021'),
(198, 238, 37, '2020/2021'),
(199, 239, 37, '2020/2021'),
(200, 240, 37, '2020/2021'),
(201, 241, 37, '2020/2021'),
(202, 242, 37, '2020/2021'),
(203, 209, 37, '2020/2021'),
(204, 243, 37, '2020/2021'),
(205, 244, 37, '2020/2021'),
(206, 245, 37, '2020/2021'),
(207, 246, 37, '2020/2021'),
(208, 247, 37, '2020/2021'),
(209, 248, 37, '2020/2021'),
(210, 249, 37, '2020/2021'),
(211, 216, 37, '2020/2021'),
(212, 250, 37, '2020/2021'),
(213, 251, 37, '2020/2021'),
(214, 223, 37, '2020/2021'),
(215, 253, 37, '2020/2021'),
(216, 255, 37, '2020/2021'),
(217, 256, 37, '2020/2021'),
(218, 257, 37, '2020/2021'),
(219, 258, 37, '2020/2021'),
(220, 259, 37, '2020/2021'),
(221, 260, 37, '2020/2021'),
(222, 262, 37, '2020/2021'),
(223, 264, 37, '2020/2021'),
(224, 265, 37, '2020/2021'),
(225, 266, 37, '2020/2021'),
(226, 267, 37, '2020/2021'),
(227, 269, 37, '2020/2021'),
(228, 271, 37, '2020/2021'),
(229, 272, 37, '2020/2021'),
(230, 261, 37, '2020/2021'),
(231, 221, 37, '2020/2021'),
(232, 252, 37, '2020/2021'),
(233, 254, 37, '2020/2021'),
(234, 161, 37, '2020/2021'),
(235, 106, 37, '2020/2021'),
(236, 263, 37, '2020/2021'),
(237, 168, 37, '2020/2021'),
(238, 268, 37, '2020/2021'),
(239, 273, 38, '2020/2021'),
(240, 274, 38, '2020/2021'),
(241, 275, 38, '2020/2021'),
(242, 276, 38, '2020/2021'),
(243, 277, 38, '2020/2021'),
(244, 278, 38, '2020/2021'),
(245, 279, 38, '2020/2021'),
(246, 280, 38, '2020/2021'),
(247, 281, 38, '2020/2021'),
(248, 282, 38, '2020/2021'),
(249, 284, 38, '2020/2021'),
(250, 285, 38, '2020/2021'),
(251, 286, 38, '2020/2021'),
(252, 287, 38, '2020/2021'),
(253, 288, 38, '2020/2021'),
(254, 289, 38, '2020/2021'),
(255, 290, 38, '2020/2021'),
(256, 291, 38, '2020/2021'),
(257, 292, 38, '2020/2021'),
(258, 293, 38, '2020/2021'),
(259, 294, 38, '2020/2021'),
(260, 295, 38, '2020/2021'),
(261, 296, 39, '2020/2021'),
(262, 297, 39, '2020/2021'),
(263, 298, 39, '2020/2021'),
(264, 299, 39, '2020/2021'),
(265, 300, 39, '2020/2021'),
(266, 301, 39, '2020/2021'),
(267, 302, 39, '2020/2021'),
(268, 303, 39, '2020/2021'),
(269, 304, 39, '2020/2021'),
(270, 305, 39, '2020/2021'),
(271, 307, 39, '2020/2021'),
(272, 283, 39, '2020/2021'),
(273, 308, 39, '2020/2021'),
(274, 309, 39, '2020/2021'),
(275, 310, 39, '2020/2021'),
(276, 311, 39, '2020/2021'),
(277, 312, 39, '2020/2021'),
(278, 314, 39, '2020/2021'),
(279, 315, 39, '2020/2021'),
(280, 316, 39, '2020/2021'),
(281, 317, 39, '2020/2021'),
(282, 318, 39, '2020/2021'),
(283, 320, 39, '2020/2021'),
(284, 321, 39, '2020/2021'),
(285, 322, 39, '2020/2021'),
(286, 323, 39, '2020/2021'),
(287, 324, 39, '2020/2021'),
(288, 237, 40, '2020/2021'),
(289, 270, 40, '2020/2021'),
(290, 235, 40, '2020/2021'),
(291, 325, 40, '2020/2021'),
(292, 326, 40, '2020/2021'),
(293, 327, 40, '2020/2021'),
(294, 328, 40, '2020/2021'),
(295, 329, 40, '2020/2021'),
(296, 306, 40, '2020/2021'),
(297, 331, 40, '2020/2021'),
(298, 332, 40, '2020/2021'),
(299, 333, 40, '2020/2021'),
(300, 334, 40, '2020/2021'),
(301, 335, 40, '2020/2021'),
(302, 336, 40, '2020/2021'),
(303, 337, 40, '2020/2021'),
(304, 338, 40, '2020/2021'),
(305, 339, 40, '2020/2021'),
(306, 340, 40, '2020/2021'),
(307, 341, 40, '2020/2021'),
(308, 342, 40, '2020/2021'),
(309, 343, 40, '2020/2021'),
(310, 344, 40, '2020/2021'),
(311, 345, 40, '2020/2021'),
(312, 346, 40, '2020/2021'),
(313, 347, 40, '2020/2021'),
(314, 348, 40, '2020/2021'),
(315, 330, 40, '2020/2021'),
(316, 313, 40, '2020/2021'),
(317, 319, 40, '2020/2021');

-- --------------------------------------------------------

--
-- Table structure for table `tb_guru`
--

CREATE TABLE `tb_guru` (
  `id_guru` int(10) NOT NULL,
  `nip` varchar(20) NOT NULL,
  `nama` varchar(100) NOT NULL,
  `jenis_kelamin` enum('Laki-laki','Perempuan') NOT NULL,
  `tanggal_lahir` date NOT NULL,
  `no_hp` varchar(15) NOT NULL,
  `email` varchar(100) NOT NULL,
  `alamat` varchar(100) NOT NULL,
  `photo` varchar(255) DEFAULT NULL,
  `id_user` int(10) DEFAULT NULL
) ENGINE=InnoDB DEFAULT CHARSET=latin1;

--
-- Dumping data for table `tb_guru`
--

INSERT INTO `tb_guru` (`id_guru`, `nip`, `nama`, `jenis_kelamin`, `tanggal_lahir`, `no_hp`, `email`, `alamat`, `photo`, `id_user`) VALUES
(71, '9854748650300010', 'Sri Sumarsih, S.Pd', 'Perempuan', '1979-06-22', '085123456789', 'sri@gmail.com', 'Jombor, Trihanggo, Gamping, Sleman', NULL, 130),
(72, '6335758659300050', 'Diah Pintarti, S.S', 'Perempuan', '1960-10-03', '085123456789', 'diah@gmail.com', 'Biru, Trihanggo, Gamping, Sleman', NULL, 131),
(73, '9847760662130230', 'Siti Nurochmach, S.Pd', 'Perempuan', '1962-05-15', '085210851633', 'siti@gmail.com', 'Trini, Trihanggo, Gamping, Sleman', NULL, 132),
(74, '-', 'Hendri Abdul Kristanto, S.Pd', 'Laki-laki', '1962-12-24', '085123456789', 'hendri@gmail.com', 'Demangan, Maguwoharjo, Depok, Sleman', NULL, 133),
(75, '-', 'Dia Sintawati, S.Pd', 'Perempuan', '1962-07-07', '085213456789', 'diah@gmail.com', 'Turusan, Banyuraden, Gamping, Sleman', NULL, 134),
(76, '6456755656300042', 'Tri Nurhudayah, S.Pd', 'Perempuan', '1977-01-24', '085123456789', 'tri@gmail.com', 'Dowangan, Banyuraden, Gamping, Sleman', NULL, 135),
(77, '1746761662300052', 'Irni Sulistiana, S.Pd.', 'Perempuan', '1963-04-14', '085123456789', 'irni@gmail.com', 'Trini, Trihanggo, Gamping, Sleman', NULL, 136),
(78, '2038750653300013', 'Rumiyati, S.Ag.', 'Perempuan', '1972-07-05', '085123456789', 'rumiyati@gmail.com', 'Jetis, Sinduadi, Mlati, Sleman', NULL, 137),
(79, '-', 'Damar Budi Ma\'ruf, S.Ag.', 'Laki-laki', '1993-12-15', '085123456789', 'damar@gmail.com', 'Jetis, Sinduadi, Mlati, Sleman', NULL, 138),
(86, '-', 'Ika Febriani, S.Pd', 'Perempuan', '1965-02-27', '082123456789', 'ika@gmail.com', 'Brengosan, Sumberadi, Mlati, Sleman', NULL, 419),
(87, '-', 'Slamet Mugiyono, S.Si.', 'Laki-laki', '1965-12-01', '082123456789', 'slamet@gmail.com', 'Ngaglik, Sinduadi, Mlati, Sleman', NULL, 420),
(88, '0956755657210002', 'Indri Dyah Sintowati, S.Pd.', 'Perempuan', '1977-06-24', '082123456789', 'indri@gmail.com', 'Murangan, Triharjo, Sleman', NULL, 421);

-- --------------------------------------------------------

--
-- Table structure for table `tb_kd`
--

CREATE TABLE `tb_kd` (
  `id_kd` int(10) NOT NULL,
  `nama_kd` varchar(15) NOT NULL,
  `jenis_penilaian` enum('PTS','PAS') NOT NULL,
  `id_mapel` int(10) DEFAULT NULL
) ENGINE=InnoDB DEFAULT CHARSET=latin1;

--
-- Dumping data for table `tb_kd`
--

INSERT INTO `tb_kd` (`id_kd`, `nama_kd`, `jenis_penilaian`, `id_mapel`) VALUES
(191, 'KD 3.2', 'PTS', 74),
(192, 'KD 3.2', 'PAS', 74),
(193, 'KD 3.3', 'PTS', 74),
(194, 'KD 3.3', 'PAS', 74),
(195, 'KD 3.4', 'PTS', 74),
(196, 'KD 3.4', 'PAS', 74),
(197, 'KD 3.1', 'PTS', 75),
(198, 'KD 3.1', 'PAS', 75),
(199, 'KD 3.2', 'PTS', 75),
(200, 'KD 3.2', 'PAS', 75),
(201, 'KD 3.3', 'PTS', 75),
(202, 'KD 3.3', 'PAS', 75),
(203, 'KD 3.4', 'PTS', 75),
(204, 'KD 3.4', 'PAS', 75),
(205, 'KD 3.1', 'PTS', 76),
(206, 'KD 3.1', 'PAS', 76),
(207, 'KD 3.2', 'PTS', 76),
(208, 'KD 3.2', 'PAS', 76),
(209, 'KD 3.3', 'PTS', 76),
(210, 'KD 3.3', 'PAS', 76),
(211, 'KD 3.4', 'PTS', 76),
(212, 'KD 3.4', 'PAS', 76),
(213, 'KD 3.1', 'PTS', 77),
(214, 'KD 3.1', 'PAS', 77),
(215, 'KD 3.2', 'PTS', 77),
(216, 'KD 3.2', 'PAS', 77),
(217, 'KD 3.3', 'PTS', 77),
(218, 'KD 3.3', 'PAS', 77),
(219, 'KD 3.4', 'PTS', 77),
(220, 'KD 3.4', 'PAS', 77),
(221, 'KD 3.1', 'PTS', 78),
(222, 'KD 3.1', 'PAS', 78),
(223, 'KD 3.2', 'PTS', 78),
(224, 'KD 3.2', 'PAS', 78),
(225, 'KD 3.3', 'PTS', 78),
(226, 'KD 3.3', 'PAS', 78),
(227, 'KD 3.4', 'PTS', 78),
(228, 'KD 3.4', 'PAS', 78),
(229, 'KD 3.1', 'PTS', 79),
(230, 'KD 3.1', 'PAS', 79),
(231, 'KD 3.2', 'PTS', 79),
(232, 'KD 3.2', 'PAS', 79),
(233, 'KD 3.3', 'PTS', 79),
(234, 'KD 3.3', 'PAS', 79),
(235, 'KD 3.4', 'PTS', 79),
(236, 'KD 3.4', 'PAS', 79),
(237, 'KD 3.1', 'PTS', 80),
(238, 'KD 3.1', 'PAS', 80),
(239, 'KD 3.2', 'PTS', 80),
(240, 'KD 3.2', 'PAS', 80),
(241, 'KD 3.3', 'PTS', 80),
(242, 'KD 3.3', 'PAS', 80),
(243, 'KD 3.4', 'PTS', 80),
(244, 'KD 3.4', 'PAS', 80),
(245, 'KD 3.1', 'PTS', 81),
(246, 'KD 3.1', 'PAS', 81),
(247, 'KD 3.2', 'PTS', 81),
(248, 'KD 3.2', 'PAS', 81),
(249, 'KD 3.3', 'PTS', 81),
(250, 'KD 3.3', 'PAS', 81),
(251, 'KD 3.4', 'PTS', 81),
(252, 'KD 3.4', 'PAS', 81),
(253, 'KD 3.1', 'PTS', 82),
(254, 'KD 3.1', 'PAS', 82),
(255, 'KD 3.2', 'PTS', 82),
(256, 'KD 3.2', 'PAS', 82),
(257, 'KD 3.3', 'PTS', 82),
(258, 'KD 3.3', 'PAS', 82),
(259, 'KD 3.4', 'PTS', 82),
(260, 'KD 3.4', 'PAS', 82),
(261, 'KD 3.1', 'PTS', 83),
(262, 'KD 3.1', 'PAS', 83),
(263, 'KD 3.2', 'PTS', 83),
(264, 'KD 3.2', 'PAS', 83),
(265, 'KD 3.3', 'PTS', 83),
(266, 'KD 3.3', 'PAS', 83),
(267, 'KD 3.4', 'PTS', 83),
(268, 'KD 3.4', 'PAS', 83),
(269, 'KD 3.1', 'PTS', 84),
(270, 'KD 3.1', 'PAS', 84),
(271, 'KD 3.2', 'PTS', 84),
(272, 'KD 3.2', 'PAS', 84),
(273, 'KD 3.3', 'PTS', 84),
(274, 'KD 3.3', 'PAS', 84),
(275, 'KD 3.4', 'PTS', 84),
(276, 'KD 3.4', 'PAS', 84),
(277, 'KD 3.1', 'PTS', 85),
(278, 'KD 3.1', 'PAS', 85),
(279, 'KD 3.2', 'PTS', 85),
(280, 'KD 3.2', 'PAS', 85),
(281, 'KD 3.3', 'PTS', 85),
(282, 'KD 3.3', 'PAS', 85),
(283, 'KD 3.4', 'PTS', 85),
(284, 'KD 3.4', 'PAS', 85),
(285, 'KD 3.1', 'PTS', 86),
(286, 'KD 3.1', 'PAS', 86),
(287, 'KD 3.2', 'PTS', 86),
(288, 'KD 3.2', 'PAS', 86),
(289, 'KD 3.3', 'PTS', 86),
(290, 'KD 3.3', 'PAS', 86),
(291, 'KD 3.4', 'PTS', 86),
(292, 'KD 3.4', 'PAS', 86),
(293, 'KD 3.1', 'PTS', 87),
(294, 'KD 3.1', 'PAS', 87),
(295, 'KD 3.2', 'PTS', 87),
(296, 'KD 3.2', 'PAS', 87),
(297, 'KD 3.3', 'PTS', 87),
(298, 'KD 3.3', 'PAS', 87),
(299, 'KD 3.4', 'PTS', 87),
(300, 'KD 3.4', 'PAS', 87),
(301, 'KD 3.1', 'PTS', 88),
(302, 'KD 3.1', 'PAS', 88),
(303, 'KD 3.2', 'PTS', 88),
(304, 'KD 3.2', 'PAS', 88),
(305, 'KD 3.3', 'PTS', 88),
(306, 'KD 3.3', 'PAS', 88),
(307, 'KD 3.4', 'PTS', 88),
(308, 'KD 3.4', 'PAS', 88),
(309, 'KD 3.1', 'PTS', 89),
(310, 'KD 3.1', 'PAS', 89),
(311, 'KD 3.2', 'PTS', 89),
(312, 'KD 3.2', 'PAS', 89),
(313, 'KD 3.3', 'PTS', 89),
(314, 'KD 3.3', 'PAS', 89),
(315, 'KD 3.4', 'PTS', 89),
(316, 'KD 3.4', 'PAS', 89),
(317, 'KD 3.1', 'PTS', 90),
(318, 'KD 3.1', 'PAS', 90),
(319, 'KD 3.2', 'PTS', 90),
(320, 'KD 3.2', 'PAS', 90),
(321, 'KD 3.3', 'PTS', 90),
(322, 'KD 3.3', 'PAS', 90),
(323, 'KD 3.4', 'PTS', 90),
(324, 'KD 3.4', 'PAS', 90),
(325, 'KD 3.1', 'PTS', 91),
(326, 'KD 3.1', 'PAS', 91),
(327, 'KD 3.2', 'PTS', 91),
(328, 'KD 3.2', 'PAS', 91),
(329, 'KD 3.3', 'PTS', 91),
(330, 'KD 3.3', 'PAS', 91),
(331, 'KD 3.4', 'PTS', 91),
(332, 'KD 3.4', 'PAS', 91),
(333, 'KD 3.1', 'PTS', 92),
(334, 'KD 3.1', 'PAS', 92),
(335, 'KD 3.2', 'PTS', 92),
(336, 'KD 3.2', 'PAS', 92),
(337, 'KD 3.3', 'PTS', 92),
(338, 'KD 3.3', 'PAS', 92),
(339, 'KD 3.4', 'PTS', 92),
(340, 'KD 3.4', 'PAS', 92),
(341, 'KD 3.1', 'PTS', 93),
(342, 'KD 3.1', 'PAS', 93),
(343, 'KD 3.2', 'PTS', 93),
(344, 'KD 3.2', 'PAS', 93),
(345, 'KD 3.3', 'PTS', 93),
(346, 'KD 3.3', 'PAS', 93),
(347, 'KD 3.4', 'PTS', 93),
(348, 'KD 3.4', 'PAS', 93),
(349, 'KD 3.1', 'PTS', 94),
(350, 'KD 3.1', 'PAS', 94),
(351, 'KD 3.2', 'PTS', 94),
(352, 'KD 3.2', 'PAS', 94),
(353, 'KD 3.3', 'PTS', 94),
(354, 'KD 3.3', 'PAS', 94),
(355, 'KD 3.4', 'PTS', 94),
(356, 'KD 3.4', 'PAS', 94),
(357, 'KD 3.1', 'PTS', 95),
(358, 'KD 3.1', 'PAS', 95),
(359, 'KD 3.2', 'PTS', 95),
(360, 'KD 3.2', 'PAS', 95),
(361, 'KD 3.3', 'PTS', 95),
(362, 'KD 3.3', 'PAS', 95),
(363, 'KD 3.4', 'PTS', 95),
(364, 'KD 3.4', 'PAS', 95),
(365, 'KD 3.5', 'PTS', 95),
(366, 'KD 3.5', 'PAS', 95),
(367, 'KD 3.1', 'PTS', 96),
(368, 'KD 3.1', 'PAS', 96),
(369, 'KD 3.2', 'PTS', 96),
(370, 'KD 3.2', 'PAS', 96),
(371, 'KD 3.3', 'PTS', 96),
(372, 'KD 3.3', 'PAS', 96),
(373, 'KD 3.4', 'PTS', 96),
(374, 'KD 3.4', 'PAS', 96),
(375, 'KD 3.1', 'PTS', 97),
(376, 'KD 3.1', 'PAS', 97),
(377, 'KD 3.2', 'PTS', 97),
(378, 'KD 3.2', 'PAS', 97),
(379, 'KD 3.3', 'PTS', 97),
(380, 'KD 3.3', 'PAS', 97),
(381, 'KD 3.4', 'PTS', 97),
(382, 'KD 3.4', 'PAS', 97),
(383, 'KD 3.5', 'PTS', 97),
(384, 'KD 3.5', 'PAS', 97),
(385, 'KD 3.1', 'PTS', 98),
(386, 'KD 3.1', 'PAS', 98),
(387, 'KD 3.2', 'PTS', 98),
(388, 'KD 3.2', 'PAS', 98),
(389, 'KD 3.3', 'PTS', 98),
(390, 'KD 3.3', 'PAS', 98),
(391, 'KD 3.4', 'PTS', 98),
(392, 'KD 3.4', 'PAS', 98),
(393, 'KD 3.5', 'PTS', 98),
(394, 'KD 3.5', 'PAS', 98),
(395, 'KD 3.1', 'PTS', 99),
(396, 'KD 3.1', 'PAS', 99),
(397, 'KD 3.2', 'PTS', 99),
(398, 'KD 3.2', 'PAS', 99),
(399, 'KD 3.3', 'PTS', 99),
(400, 'KD 3.3', 'PAS', 99),
(401, 'KD 3.4', 'PTS', 99),
(402, 'KD 3.4', 'PAS', 99),
(403, 'KD 3.1', 'PTS', 100),
(404, 'KD 3.1', 'PAS', 100),
(405, 'KD 3.2', 'PTS', 100),
(406, 'KD 3.2', 'PAS', 100),
(407, 'KD 3.3', 'PTS', 100),
(408, 'KD 3.3', 'PAS', 100),
(409, 'KD 3.4', 'PTS', 100),
(410, 'KD 3.4', 'PAS', 100),
(411, 'KD 3.1', 'PTS', 101),
(412, 'KD 3.1', 'PAS', 101),
(413, 'KD 3.2', 'PTS', 101),
(414, 'KD 3.2', 'PAS', 101),
(415, 'KD 3.3', 'PTS', 101),
(416, 'KD 3.3', 'PAS', 101),
(417, 'KD 3.4', 'PTS', 101),
(418, 'KD 3.4', 'PAS', 101),
(419, 'KD 3.1', 'PTS', 102),
(420, 'KD 3.1', 'PAS', 102),
(421, 'KD 3.2', 'PTS', 102),
(422, 'KD 3.2', 'PAS', 102),
(423, 'KD 3.3', 'PTS', 102),
(424, 'KD 3.3', 'PAS', 102),
(425, 'KD 3.4', 'PTS', 102),
(426, 'KD 3.4', 'PAS', 102),
(427, 'KD 3.1', 'PTS', 103),
(428, 'KD 3.1', 'PAS', 103),
(429, 'KD 3.2', 'PTS', 103),
(430, 'KD 3.2', 'PAS', 103),
(431, 'KD 3.3', 'PTS', 103),
(432, 'KD 3.3', 'PAS', 103),
(433, 'KD 3.4', 'PTS', 103),
(434, 'KD 3.4', 'PAS', 103),
(435, 'KD 3.1', 'PTS', 104),
(436, 'KD 3.1', 'PAS', 104),
(437, 'KD 3.2', 'PTS', 104),
(438, 'KD 3.2', 'PAS', 104),
(439, 'KD 3.3', 'PTS', 104),
(440, 'KD 3.3', 'PAS', 104),
(441, 'KD 3.4', 'PTS', 104),
(442, 'KD 3.4', 'PAS', 104),
(443, 'KD 3.1', 'PTS', 105),
(444, 'KD 3.1', 'PAS', 105),
(445, 'KD 3.2', 'PTS', 105),
(446, 'KD 3.2', 'PAS', 105),
(447, 'KD 3.3', 'PTS', 105),
(448, 'KD 3.3', 'PAS', 105),
(449, 'KD 3.4', 'PTS', 105),
(450, 'KD 3.4', 'PAS', 105),
(451, 'KD 3.5', 'PTS', 105),
(452, 'KD 3.5', 'PAS', 105),
(453, 'KD 3.1', 'PTS', 106),
(454, 'KD 3.1', 'PAS', 106),
(455, 'KD 3.2', 'PTS', 106),
(456, 'KD 3.2', 'PAS', 106),
(457, 'KD 3.3', 'PTS', 106),
(458, 'KD 3.3', 'PAS', 106),
(459, 'KD 3.4', 'PTS', 106),
(460, 'KD 3.4', 'PAS', 106),
(461, 'KD 3.1', 'PTS', 107),
(462, 'KD 3.1', 'PAS', 107),
(463, 'KD 3.2', 'PTS', 107),
(464, 'KD 3.2', 'PAS', 107),
(465, 'KD 3.3', 'PTS', 107),
(466, 'KD 3.3', 'PAS', 107),
(467, 'KD 3.4', 'PTS', 107),
(468, 'KD 3.4', 'PAS', 107),
(469, 'KD 3.5', 'PTS', 107),
(470, 'KD 3.5', 'PAS', 107),
(471, 'KD 3.1', 'PTS', 108),
(472, 'KD 3.1', 'PAS', 108),
(473, 'KD 3.2', 'PTS', 108),
(474, 'KD 3.2', 'PAS', 108),
(475, 'KD 3.3', 'PTS', 108),
(476, 'KD 3.3', 'PAS', 108),
(477, 'KD 3.4', 'PTS', 108),
(478, 'KD 3.4', 'PAS', 108),
(479, 'KD 3.5', 'PTS', 108),
(480, 'KD 3.5', 'PAS', 108),
(481, 'KD 3.1', 'PTS', 109),
(482, 'KD 3.1', 'PAS', 109),
(483, 'KD 3.2', 'PTS', 109),
(484, 'KD 3.2', 'PAS', 109),
(485, 'KD 3.3', 'PTS', 109),
(486, 'KD 3.3', 'PAS', 109),
(487, 'KD 3.4', 'PTS', 109),
(488, 'KD 3.4', 'PAS', 109),
(489, 'KD 3.1', 'PTS', 110),
(490, 'KD 3.1', 'PAS', 110),
(491, 'KD 3.2', 'PTS', 110),
(492, 'KD 3.2', 'PAS', 110),
(493, 'KD 3.3', 'PTS', 110),
(494, 'KD 3.3', 'PAS', 110),
(495, 'KD 3.4', 'PTS', 110),
(496, 'KD 3.4', 'PAS', 110),
(497, 'KD 3.1', 'PTS', 111),
(498, 'KD 3.1', 'PAS', 111),
(499, 'KD 3.2', 'PTS', 111),
(500, 'KD 3.2', 'PAS', 111),
(501, 'KD 3.3', 'PTS', 111),
(502, 'KD 3.3', 'PAS', 111),
(503, 'KD 3.4', 'PTS', 111),
(504, 'KD 3.4', 'PAS', 111),
(505, 'KD 3.1', 'PTS', 112),
(506, 'KD 3.1', 'PAS', 112),
(507, 'KD 3.2', 'PTS', 112),
(508, 'KD 3.2', 'PAS', 112),
(509, 'KD 3.3', 'PTS', 112),
(510, 'KD 3.3', 'PAS', 112),
(511, 'KD 3.4', 'PTS', 112),
(512, 'KD 3.4', 'PAS', 112),
(513, 'KD 3.1', 'PTS', 113),
(514, 'KD 3.1', 'PAS', 113),
(515, 'KD 3.2', 'PTS', 113),
(516, 'KD 3.2', 'PAS', 113),
(517, 'KD 3.3', 'PTS', 113),
(518, 'KD 3.3', 'PAS', 113),
(519, 'KD 3.4', 'PTS', 113),
(520, 'KD 3.4', 'PAS', 113),
(521, 'KD 3.1', 'PTS', 114),
(522, 'KD 3.1', 'PAS', 114),
(523, 'KD 3.2', 'PTS', 114),
(524, 'KD 3.2', 'PAS', 114),
(525, 'KD 3.3', 'PTS', 114),
(526, 'KD 3.3', 'PAS', 114),
(527, 'KD 3.4', 'PTS', 114),
(528, 'KD 3.4', 'PAS', 114),
(529, 'KD 3.1', 'PTS', 115),
(530, 'KD 3.1', 'PAS', 115),
(531, 'KD 3.2', 'PTS', 115),
(532, 'KD 3.2', 'PAS', 115),
(533, 'KD 3.3', 'PTS', 115),
(534, 'KD 3.3', 'PAS', 115),
(535, 'KD 3.4', 'PTS', 115),
(536, 'KD 3.4', 'PAS', 115),
(537, 'KD 3.5', 'PTS', 115),
(538, 'KD 3.5', 'PAS', 115),
(539, 'KD 3.1', 'PTS', 116),
(540, 'KD 3.1', 'PAS', 116),
(541, 'KD 3.2', 'PTS', 116),
(542, 'KD 3.2', 'PAS', 116),
(543, 'KD 3.3', 'PTS', 116),
(544, 'KD 3.3', 'PAS', 116),
(545, 'KD 3.4', 'PTS', 116),
(546, 'KD 3.4', 'PAS', 116),
(547, 'KD 3.1', 'PTS', 117),
(548, 'KD 3.1', 'PAS', 117),
(549, 'KD 3.2', 'PTS', 117),
(550, 'KD 3.2', 'PAS', 117),
(551, 'KD 3.3', 'PTS', 117),
(552, 'KD 3.3', 'PAS', 117),
(553, 'KD 3.4', 'PTS', 117),
(554, 'KD 3.4', 'PAS', 117),
(555, 'KD 3.5', 'PTS', 117),
(556, 'KD 3.5', 'PAS', 117),
(557, 'KD 3.1', 'PTS', 118),
(558, 'KD 3.1', 'PAS', 118),
(559, 'KD 3.2', 'PTS', 118),
(560, 'KD 3.2', 'PAS', 118),
(561, 'KD 3.3', 'PTS', 118),
(562, 'KD 3.3', 'PAS', 118),
(563, 'KD 3.4', 'PTS', 118),
(564, 'KD 3.4', 'PAS', 118),
(565, 'KD 3.5', 'PTS', 118),
(566, 'KD 3.5', 'PAS', 118),
(567, 'KD 3.1', 'PTS', 119),
(568, 'KD 3.1', 'PAS', 119),
(569, 'KD 3.2', 'PTS', 119),
(570, 'KD 3.2', 'PAS', 119),
(571, 'KD 3.3', 'PTS', 119),
(572, 'KD 3.3', 'PAS', 119),
(573, 'KD 3.4', 'PTS', 119),
(574, 'KD 3.4', 'PAS', 119),
(575, 'KD 3.1', 'PTS', 71),
(576, 'KD 3.1', 'PAS', 71),
(577, 'KD 3.2', 'PTS', 71),
(578, 'KD 3.2', 'PAS', 71),
(579, 'KD 3.3', 'PTS', 71),
(580, 'KD 3.3', 'PAS', 71),
(581, 'KD 3.4', 'PTS', 71),
(582, 'KD 3.4', 'PAS', 71),
(583, 'KD 3.1', 'PTS', 72),
(584, 'KD 3.1', 'PAS', 72),
(585, 'KD 3.2', 'PTS', 72),
(586, 'KD 3.2', 'PAS', 72),
(587, 'KD 3.3', 'PTS', 72),
(588, 'KD 3.3', 'PAS', 72),
(589, 'KD 3.4', 'PTS', 72),
(590, 'KD 3.4', 'PAS', 72),
(591, 'KD 3.1', 'PTS', 73),
(592, 'KD 3.1', 'PAS', 73),
(593, 'KD 3.2', 'PTS', 73),
(594, 'KD 3.2', 'PAS', 73),
(595, 'KD 3.3', 'PTS', 73),
(596, 'KD 3.3', 'PAS', 73),
(597, 'KD 3.4', 'PTS', 73),
(598, 'KD 3.4', 'PAS', 73),
(601, 'KD 3.1', 'PTS', 74),
(602, 'KD 3.1', 'PAS', 74);

-- --------------------------------------------------------

--
-- Table structure for table `tb_kelas`
--

CREATE TABLE `tb_kelas` (
  `id_kelas` int(10) NOT NULL,
  `kelas` varchar(10) NOT NULL,
  `wali_kelas` varchar(100) DEFAULT NULL
) ENGINE=InnoDB DEFAULT CHARSET=latin1;

--
-- Dumping data for table `tb_kelas`
--

INSERT INTO `tb_kelas` (`id_kelas`, `kelas`, `wali_kelas`) VALUES
(31, '1A', 'Sri Sumarsih, S.Pd'),
(32, '1B', 'Diah Pintarti, S.S'),
(33, '2A', 'Siti Nurochmach, S.Pd'),
(34, '3B', 'Hendri Abdul Kristanto, S.Pd'),
(35, '4B', 'Dia Sintawati, S.Pd'),
(36, '5', 'Irni Sulistiana, S.Pd.'),
(37, '6', 'Tri Nurhudayah, S.Pd'),
(38, '2B', 'Ika Febriani, S.Pd'),
(39, '3A', 'Slamet Mugiyono, S.Si.'),
(40, '4A', 'Indri Dyah Sintowati, S.Pd.');

-- --------------------------------------------------------

--
-- Table structure for table `tb_matapelajaran`
--

CREATE TABLE `tb_matapelajaran` (
  `id_mapel` int(10) NOT NULL,
  `nama_mapel` varchar(100) NOT NULL,
  `level` enum('1','2','3','4','5','6') NOT NULL
) ENGINE=InnoDB DEFAULT CHARSET=latin1;

--
-- Dumping data for table `tb_matapelajaran`
--

INSERT INTO `tb_matapelajaran` (`id_mapel`, `nama_mapel`, `level`) VALUES
(71, 'PAI', '1'),
(72, 'PPKN', '1'),
(73, 'B. INDO', '1'),
(74, 'MTK', '1'),
(75, 'SBDP', '1'),
(76, 'B. JAWA', '1'),
(77, 'PAI', '2'),
(78, 'PPKN', '2'),
(79, 'B. INDO', '2'),
(80, 'MTK', '2'),
(81, 'SBDP', '2'),
(82, 'B. JAWA', '2'),
(83, 'PAI', '3'),
(84, 'KEMUH', '3'),
(85, 'PPKN', '3'),
(86, 'B. INDO', '3'),
(87, 'MTK', '3'),
(88, 'SBDP', '3'),
(89, 'B. JAWA', '3'),
(90, 'PAI', '4'),
(91, 'B. ARAB', '4'),
(92, 'KEMUH', '4'),
(93, 'PPKN', '4'),
(94, 'B. INDO', '4'),
(95, 'MTK', '4'),
(96, 'SBDP', '4'),
(97, 'IPA', '4'),
(98, 'IPS', '4'),
(99, 'B. JAWA', '4'),
(100, 'PAI', '5'),
(101, 'B. ARAB', '5'),
(102, 'KEMUH', '5'),
(103, 'PPKN', '5'),
(104, 'B. INDO', '5'),
(105, 'MTK', '5'),
(106, 'SBDP', '5'),
(107, 'IPA', '5'),
(108, 'IPS', '5'),
(109, 'B. JAWA', '5'),
(110, 'PAI', '6'),
(111, 'B. ARAB', '6'),
(112, 'KEMUH', '6'),
(113, 'PPKN', '6'),
(114, 'B. INDO', '6'),
(115, 'MTK', '6'),
(116, 'SBDP', '6'),
(117, 'IPA', '6'),
(118, 'IPS', '6'),
(119, 'B. JAWA', '6');

-- --------------------------------------------------------

--
-- Table structure for table `tb_nilai`
--

CREATE TABLE `tb_nilai` (
  `id_nilai` int(10) NOT NULL,
  `jenis` varchar(20) NOT NULL,
  `nilai` float NOT NULL,
  `id_kd` int(10) NOT NULL,
  `id_datasiswa` int(11) NOT NULL
) ENGINE=InnoDB DEFAULT CHARSET=latin1;

--
-- Dumping data for table `tb_nilai`
--

INSERT INTO `tb_nilai` (`id_nilai`, `jenis`, `nilai`, `id_kd`, `id_datasiswa`) VALUES
(322, 'Tugas Harian 2', 70, 583, 37),
(323, 'Tugas Harian 2', 70, 583, 38),
(324, 'Tugas Harian 2', 70, 583, 39),
(325, 'Tugas Harian 2', 70, 583, 40),
(326, 'Tugas Harian 2', 75, 583, 41),
(327, 'Tugas Harian 2', 75, 583, 42),
(328, 'Tugas Harian 2', 75, 583, 43),
(329, 'Tugas Harian 2', 75, 583, 44),
(330, 'Tugas Harian 2', 75, 583, 45),
(331, 'Tugas Harian 2', 65, 583, 46),
(332, 'Tugas Harian 2', 65, 583, 47),
(333, 'Tugas Harian 2', 65, 583, 48),
(334, 'Tugas Harian 2', 80, 583, 49),
(335, 'Tugas Harian 2', 80, 583, 50),
(336, 'Tugas Harian 2', 80, 583, 51),
(337, 'Tugas Harian 2', 80, 583, 52),
(338, 'Tugas Harian 2', 80, 583, 53),
(339, 'Tugas Harian 2', 80, 583, 54),
(340, 'Tugas Harian 2', 80, 583, 55),
(341, 'Tugas Harian 2', 80, 583, 56),
(342, 'Tugas Harian 2', 80, 583, 57),
(343, 'Tugas Harian 2', 80, 583, 58),
(344, 'Tugas Harian 2', 80, 583, 59),
(345, 'Tugas Harian 2', 80, 583, 60),
(346, 'Tugas Harian 2', 80, 583, 61),
(347, 'Tugas Harian 2', 80, 583, 62),
(348, 'Tugas Harian 2', 100, 583, 63),
(565, 'Tugas Harian 1', 70, 575, 37),
(566, 'Tugas Harian 1', 70, 575, 38),
(567, 'Tugas Harian 1', 70, 575, 39),
(568, 'Tugas Harian 1', 70, 575, 40),
(569, 'Tugas Harian 1', 80, 575, 41),
(570, 'Tugas Harian 1', 80, 575, 42),
(571, 'Tugas Harian 1', 85, 575, 43),
(572, 'Tugas Harian 1', 80, 575, 44),
(573, 'Tugas Harian 1', 80, 575, 45),
(574, 'Tugas Harian 1', 75, 575, 46),
(575, 'Tugas Harian 1', 70, 575, 47),
(576, 'Tugas Harian 1', 70, 575, 48),
(577, 'Tugas Harian 1', 70, 575, 49),
(578, 'Tugas Harian 1', 70, 575, 50),
(579, 'Tugas Harian 1', 70, 575, 51),
(580, 'Tugas Harian 1', 75, 575, 52),
(581, 'Tugas Harian 1', 75, 575, 53),
(582, 'Tugas Harian 1', 80, 575, 54),
(583, 'Tugas Harian 1', 85, 575, 55),
(584, 'Tugas Harian 1', 90, 575, 56),
(585, 'Tugas Harian 1', 85, 575, 57),
(586, 'Tugas Harian 1', 85, 575, 58),
(587, 'Tugas Harian 1', 80, 575, 59),
(588, 'Tugas Harian 1', 75, 575, 60),
(589, 'Tugas Harian 1', 70, 575, 61),
(590, 'Tugas Harian 1', 70, 575, 62),
(591, 'Tugas Harian 1', 70, 575, 63),
(646, 'Tugas Harian 2', 100, 585, 37),
(647, 'Tugas Harian 2', 100, 585, 38),
(648, 'Tugas Harian 2', 80, 585, 39),
(649, 'Tugas Harian 2', 85, 585, 40),
(650, 'Tugas Harian 2', 95, 585, 41),
(651, 'Tugas Harian 2', 90, 585, 42),
(652, 'Tugas Harian 2', 95, 585, 43),
(653, 'Tugas Harian 2', 85, 585, 44),
(654, 'Tugas Harian 2', 80, 585, 45),
(655, 'Tugas Harian 2', 75, 585, 46),
(656, 'Tugas Harian 2', 70, 585, 47),
(657, 'Tugas Harian 2', 75, 585, 48),
(658, 'Tugas Harian 2', 80, 585, 49),
(659, 'Tugas Harian 2', 85, 585, 50),
(660, 'Tugas Harian 2', 80, 585, 51),
(661, 'Tugas Harian 2', 85, 585, 52),
(662, 'Tugas Harian 2', 90, 585, 53),
(663, 'Tugas Harian 2', 95, 585, 54),
(664, 'Tugas Harian 2', 95, 585, 55),
(665, 'Tugas Harian 2', 90, 585, 56),
(666, 'Tugas Harian 2', 95, 585, 57),
(667, 'Tugas Harian 2', 80, 585, 58),
(668, 'Tugas Harian 2', 85, 585, 59),
(669, 'Tugas Harian 2', 80, 585, 60),
(670, 'Tugas Harian 2', 85, 585, 61),
(671, 'Tugas Harian 2', 85, 585, 62),
(672, 'Tugas Harian 2', 80, 585, 63),
(700, 'Ulangan Harian 2', 80, 585, 37),
(701, 'Ulangan Harian 2', 85, 585, 38),
(702, 'Ulangan Harian 2', 80, 585, 39),
(703, 'Ulangan Harian 2', 90, 585, 40),
(704, 'Ulangan Harian 2', 95, 585, 41),
(705, 'Ulangan Harian 2', 85, 585, 42),
(706, 'Ulangan Harian 2', 70, 585, 43),
(707, 'Ulangan Harian 2', 75, 585, 44),
(708, 'Ulangan Harian 2', 80, 585, 45),
(709, 'Ulangan Harian 2', 85, 585, 46),
(710, 'Ulangan Harian 2', 80, 585, 47),
(711, 'Ulangan Harian 2', 85, 585, 48),
(712, 'Ulangan Harian 2', 70, 585, 49),
(713, 'Ulangan Harian 2', 85, 585, 50),
(714, 'Ulangan Harian 2', 70, 585, 51),
(715, 'Ulangan Harian 2', 85, 585, 52),
(716, 'Ulangan Harian 2', 95, 585, 53),
(717, 'Ulangan Harian 2', 90, 585, 54),
(718, 'Ulangan Harian 2', 85, 585, 55),
(719, 'Ulangan Harian 2', 80, 585, 56),
(720, 'Ulangan Harian 2', 70, 585, 57),
(721, 'Ulangan Harian 2', 75, 585, 58),
(722, 'Ulangan Harian 2', 85, 585, 59),
(723, 'Ulangan Harian 2', 80, 585, 60),
(724, 'Ulangan Harian 2', 80, 585, 61),
(725, 'Ulangan Harian 2', 80, 585, 62),
(726, 'Ulangan Harian 2', 80, 585, 63),
(727, 'Tugas Harian 1', 80, 587, 37),
(728, 'Tugas Harian 1', 85, 587, 38),
(729, 'Tugas Harian 1', 90, 587, 39),
(730, 'Tugas Harian 1', 85, 587, 40),
(731, 'Tugas Harian 1', 90, 587, 41),
(732, 'Tugas Harian 1', 95, 587, 42),
(733, 'Tugas Harian 1', 80, 587, 43),
(734, 'Tugas Harian 1', 85, 587, 44),
(735, 'Tugas Harian 1', 90, 587, 45),
(736, 'Tugas Harian 1', 95, 587, 46),
(737, 'Tugas Harian 1', 80, 587, 47),
(738, 'Tugas Harian 1', 80, 587, 48),
(739, 'Tugas Harian 1', 85, 587, 49),
(740, 'Tugas Harian 1', 90, 587, 50),
(741, 'Tugas Harian 1', 95, 587, 51),
(742, 'Tugas Harian 1', 80, 587, 52),
(743, 'Tugas Harian 1', 75, 587, 53),
(744, 'Tugas Harian 1', 70, 587, 54),
(745, 'Tugas Harian 1', 70, 587, 55),
(746, 'Tugas Harian 1', 70, 587, 56),
(747, 'Tugas Harian 1', 75, 587, 57),
(748, 'Tugas Harian 1', 70, 587, 58),
(749, 'Tugas Harian 1', 85, 587, 59),
(750, 'Tugas Harian 1', 80, 587, 60),
(751, 'Tugas Harian 1', 80, 587, 61),
(752, 'Tugas Harian 1', 85, 587, 62),
(753, 'Tugas Harian 1', 80, 587, 63),
(754, 'Ulangan Harian 1', 80, 587, 37),
(755, 'Ulangan Harian 1', 85, 587, 38),
(756, 'Ulangan Harian 1', 80, 587, 39),
(757, 'Ulangan Harian 1', 85, 587, 40),
(758, 'Ulangan Harian 1', 90, 587, 41),
(759, 'Ulangan Harian 1', 85, 587, 42),
(760, 'Ulangan Harian 1', 80, 587, 43),
(761, 'Ulangan Harian 1', 85, 587, 44),
(762, 'Ulangan Harian 1', 95, 587, 45),
(763, 'Ulangan Harian 1', 80, 587, 46),
(764, 'Ulangan Harian 1', 85, 587, 47),
(765, 'Ulangan Harian 1', 80, 587, 48),
(766, 'Ulangan Harian 1', 95, 587, 49),
(767, 'Ulangan Harian 1', 80, 587, 50),
(768, 'Ulangan Harian 1', 70, 587, 51),
(769, 'Ulangan Harian 1', 75, 587, 52),
(770, 'Ulangan Harian 1', 70, 587, 53),
(771, 'Ulangan Harian 1', 70, 587, 54),
(772, 'Ulangan Harian 1', 80, 587, 55),
(773, 'Ulangan Harian 1', 80, 587, 56),
(774, 'Ulangan Harian 1', 85, 587, 57),
(775, 'Ulangan Harian 1', 80, 587, 58),
(776, 'Ulangan Harian 1', 70, 587, 59),
(777, 'Ulangan Harian 1', 70, 587, 60),
(778, 'Ulangan Harian 1', 70, 587, 61),
(779, 'Ulangan Harian 1', 75, 587, 62),
(780, 'Ulangan Harian 1', 75, 587, 63),
(781, 'Tugas Harian 1', 80, 589, 37),
(782, 'Tugas Harian 1', 85, 589, 38),
(783, 'Tugas Harian 1', 80, 589, 39),
(784, 'Tugas Harian 1', 85, 589, 40),
(785, 'Tugas Harian 1', 80, 589, 41),
(786, 'Tugas Harian 1', 90, 589, 42),
(787, 'Tugas Harian 1', 95, 589, 43),
(788, 'Tugas Harian 1', 90, 589, 44),
(789, 'Tugas Harian 1', 50, 589, 45),
(790, 'Tugas Harian 1', 85, 589, 46),
(791, 'Tugas Harian 1', 80, 589, 47),
(792, 'Tugas Harian 1', 80, 589, 48),
(793, 'Tugas Harian 1', 85, 589, 49),
(794, 'Tugas Harian 1', 90, 589, 50),
(795, 'Tugas Harian 1', 95, 589, 51),
(796, 'Tugas Harian 1', 90, 589, 52),
(797, 'Tugas Harian 1', 85, 589, 53),
(798, 'Tugas Harian 1', 80, 589, 54),
(799, 'Tugas Harian 1', 75, 589, 55),
(800, 'Tugas Harian 1', 70, 589, 56),
(801, 'Tugas Harian 1', 90, 589, 57),
(802, 'Tugas Harian 1', 85, 589, 58),
(803, 'Tugas Harian 1', 80, 589, 59),
(804, 'Tugas Harian 1', 80, 589, 60),
(805, 'Tugas Harian 1', 85, 589, 61),
(806, 'Tugas Harian 1', 70, 589, 62),
(807, 'Tugas Harian 1', 75, 589, 63),
(808, 'Ulangan Harian 1', 80, 589, 37),
(809, 'Ulangan Harian 1', 85, 589, 38),
(810, 'Ulangan Harian 1', 80, 589, 39),
(811, 'Ulangan Harian 1', 85, 589, 40),
(812, 'Ulangan Harian 1', 70, 589, 41),
(813, 'Ulangan Harian 1', 75, 589, 42),
(814, 'Ulangan Harian 1', 70, 589, 43),
(815, 'Ulangan Harian 1', 85, 589, 44),
(816, 'Ulangan Harian 1', 80, 589, 45),
(817, 'Ulangan Harian 1', 80, 589, 46),
(818, 'Ulangan Harian 1', 80, 589, 47),
(819, 'Ulangan Harian 1', 75, 589, 48),
(820, 'Ulangan Harian 1', 75, 589, 49),
(821, 'Ulangan Harian 1', 70, 589, 50),
(822, 'Ulangan Harian 1', 80, 589, 51),
(823, 'Ulangan Harian 1', 85, 589, 52),
(824, 'Ulangan Harian 1', 90, 589, 53),
(825, 'Ulangan Harian 1', 95, 589, 54),
(826, 'Ulangan Harian 1', 85, 589, 55),
(827, 'Ulangan Harian 1', 80, 589, 56),
(828, 'Ulangan Harian 1', 75, 589, 57),
(829, 'Ulangan Harian 1', 70, 589, 58),
(830, 'Ulangan Harian 1', 75, 589, 59),
(831, 'Ulangan Harian 1', 80, 589, 60),
(832, 'Ulangan Harian 1', 85, 589, 61),
(833, 'Ulangan Harian 1', 85, 589, 62),
(834, 'Ulangan Harian 1', 80, 589, 63),
(835, 'Tugas Harian 1', 80, 584, 37),
(836, 'Tugas Harian 1', 85, 584, 38),
(837, 'Tugas Harian 1', 80, 584, 39),
(838, 'Tugas Harian 1', 85, 584, 40),
(839, 'Tugas Harian 1', 70, 584, 41),
(840, 'Tugas Harian 1', 75, 584, 42),
(841, 'Tugas Harian 1', 70, 584, 43),
(842, 'Tugas Harian 1', 75, 584, 44),
(843, 'Tugas Harian 1', 75, 584, 45),
(844, 'Tugas Harian 1', 70, 584, 46),
(845, 'Tugas Harian 1', 70, 584, 47),
(846, 'Tugas Harian 1', 70, 584, 48),
(847, 'Tugas Harian 1', 75, 584, 49),
(848, 'Tugas Harian 1', 80, 584, 50),
(849, 'Tugas Harian 1', 85, 584, 51),
(850, 'Tugas Harian 1', 80, 584, 52),
(851, 'Tugas Harian 1', 80, 584, 53),
(852, 'Tugas Harian 1', 85, 584, 54),
(853, 'Tugas Harian 1', 70, 584, 55),
(854, 'Tugas Harian 1', 75, 584, 56),
(855, 'Tugas Harian 1', 70, 584, 57),
(856, 'Tugas Harian 1', 75, 584, 58),
(857, 'Tugas Harian 1', 80, 584, 59),
(858, 'Tugas Harian 1', 80, 584, 60),
(859, 'Tugas Harian 1', 80, 584, 61),
(860, 'Tugas Harian 1', 85, 584, 62),
(861, 'Tugas Harian 1', 80, 584, 63),
(862, 'Ulangan Harian 1', 80, 584, 37),
(863, 'Ulangan Harian 1', 85, 584, 38),
(864, 'Ulangan Harian 1', 80, 584, 39),
(865, 'Ulangan Harian 1', 70, 584, 40),
(866, 'Ulangan Harian 1', 75, 584, 41),
(867, 'Ulangan Harian 1', 70, 584, 42),
(868, 'Ulangan Harian 1', 70, 584, 43),
(869, 'Ulangan Harian 1', 85, 584, 44),
(870, 'Ulangan Harian 1', 90, 584, 45),
(871, 'Ulangan Harian 1', 95, 584, 46),
(872, 'Ulangan Harian 1', 85, 584, 47),
(873, 'Ulangan Harian 1', 80, 584, 48),
(874, 'Ulangan Harian 1', 80, 584, 49),
(875, 'Ulangan Harian 1', 85, 584, 50),
(876, 'Ulangan Harian 1', 70, 584, 51),
(877, 'Ulangan Harian 1', 75, 584, 52),
(878, 'Ulangan Harian 1', 80, 584, 53),
(879, 'Ulangan Harian 1', 95, 584, 54),
(880, 'Ulangan Harian 1', 80, 584, 55),
(881, 'Ulangan Harian 1', 85, 584, 56),
(882, 'Ulangan Harian 1', 80, 584, 57),
(883, 'Ulangan Harian 1', 75, 584, 58),
(884, 'Ulangan Harian 1', 70, 584, 59),
(885, 'Ulangan Harian 1', 75, 584, 60),
(886, 'Ulangan Harian 1', 85, 584, 61),
(887, 'Ulangan Harian 1', 80, 584, 62),
(888, 'Ulangan Harian 1', 85, 584, 63),
(889, 'Tugas Harian 1', 80, 586, 37),
(890, 'Tugas Harian 1', 85, 586, 38),
(891, 'Tugas Harian 1', 75, 586, 39),
(892, 'Tugas Harian 1', 70, 586, 40),
(893, 'Tugas Harian 1', 85, 586, 41),
(894, 'Tugas Harian 1', 95, 586, 42),
(895, 'Tugas Harian 1', 85, 586, 43),
(896, 'Tugas Harian 1', 80, 586, 44),
(897, 'Tugas Harian 1', 85, 586, 45),
(898, 'Tugas Harian 1', 75, 586, 46),
(899, 'Tugas Harian 1', 70, 586, 47),
(900, 'Tugas Harian 1', 85, 586, 48),
(901, 'Tugas Harian 1', 80, 586, 49),
(902, 'Tugas Harian 1', 80, 586, 50),
(903, 'Tugas Harian 1', 85, 586, 51),
(904, 'Tugas Harian 1', 80, 586, 52),
(905, 'Tugas Harian 1', 95, 586, 53),
(906, 'Tugas Harian 1', 80, 586, 54),
(907, 'Tugas Harian 1', 75, 586, 55),
(908, 'Tugas Harian 1', 70, 586, 56),
(909, 'Tugas Harian 1', 70, 586, 57),
(910, 'Tugas Harian 1', 75, 586, 58),
(911, 'Tugas Harian 1', 80, 586, 59),
(912, 'Tugas Harian 1', 85, 586, 60),
(913, 'Tugas Harian 1', 85, 586, 61),
(914, 'Tugas Harian 1', 80, 586, 62),
(915, 'Tugas Harian 1', 95, 586, 63),
(916, 'Ulangan Harian 1', 80, 586, 37),
(917, 'Ulangan Harian 1', 85, 586, 38),
(918, 'Ulangan Harian 1', 75, 586, 39),
(919, 'Ulangan Harian 1', 80, 586, 40),
(920, 'Ulangan Harian 1', 85, 586, 41),
(921, 'Ulangan Harian 1', 95, 586, 42),
(922, 'Ulangan Harian 1', 80, 586, 43),
(923, 'Ulangan Harian 1', 75, 586, 44),
(924, 'Ulangan Harian 1', 75, 586, 45),
(925, 'Ulangan Harian 1', 70, 586, 46),
(926, 'Ulangan Harian 1', 85, 586, 47),
(927, 'Ulangan Harian 1', 95, 586, 48),
(928, 'Ulangan Harian 1', 80, 586, 49),
(929, 'Ulangan Harian 1', 85, 586, 50),
(930, 'Ulangan Harian 1', 75, 586, 51),
(931, 'Ulangan Harian 1', 70, 586, 52),
(932, 'Ulangan Harian 1', 75, 586, 53),
(933, 'Ulangan Harian 1', 70, 586, 54),
(934, 'Ulangan Harian 1', 85, 586, 55),
(935, 'Ulangan Harian 1', 85, 586, 56),
(936, 'Ulangan Harian 1', 95, 586, 57),
(937, 'Ulangan Harian 1', 85, 586, 58),
(938, 'Ulangan Harian 1', 70, 586, 59),
(939, 'Ulangan Harian 1', 85, 586, 60),
(940, 'Ulangan Harian 1', 80, 586, 61),
(941, 'Ulangan Harian 1', 85, 586, 62),
(942, 'Ulangan Harian 1', 95, 586, 63),
(943, 'Tugas Harian 1', 85, 588, 37),
(944, 'Tugas Harian 1', 80, 588, 38),
(945, 'Tugas Harian 1', 80, 588, 39),
(946, 'Tugas Harian 1', 85, 588, 40),
(947, 'Tugas Harian 1', 70, 588, 41),
(948, 'Tugas Harian 1', 75, 588, 42),
(949, 'Tugas Harian 1', 80, 588, 43),
(950, 'Tugas Harian 1', 80, 588, 44),
(951, 'Tugas Harian 1', 85, 588, 45),
(952, 'Tugas Harian 1', 70, 588, 46),
(953, 'Tugas Harian 1', 75, 588, 47),
(954, 'Tugas Harian 1', 70, 588, 48),
(955, 'Tugas Harian 1', 85, 588, 49),
(956, 'Tugas Harian 1', 80, 588, 50),
(957, 'Tugas Harian 1', 85, 588, 51),
(958, 'Tugas Harian 1', 80, 588, 52),
(959, 'Tugas Harian 1', 85, 588, 53),
(960, 'Tugas Harian 1', 75, 588, 54),
(961, 'Tugas Harian 1', 70, 588, 55),
(962, 'Tugas Harian 1', 85, 588, 56),
(963, 'Tugas Harian 1', 85, 588, 57),
(964, 'Tugas Harian 1', 80, 588, 58),
(965, 'Tugas Harian 1', 75, 588, 59),
(966, 'Tugas Harian 1', 70, 588, 60),
(967, 'Tugas Harian 1', 85, 588, 61),
(968, 'Tugas Harian 1', 95, 588, 62),
(969, 'Tugas Harian 1', 85, 588, 63),
(970, 'Ulangan Harian 1', 75, 588, 37),
(971, 'Ulangan Harian 1', 80, 588, 38),
(972, 'Ulangan Harian 1', 85, 588, 39),
(973, 'Ulangan Harian 1', 80, 588, 40),
(974, 'Ulangan Harian 1', 85, 588, 41),
(975, 'Ulangan Harian 1', 95, 588, 42),
(976, 'Ulangan Harian 1', 85, 588, 43),
(977, 'Ulangan Harian 1', 80, 588, 44),
(978, 'Ulangan Harian 1', 80, 588, 45),
(979, 'Ulangan Harian 1', 85, 588, 46),
(980, 'Ulangan Harian 1', 80, 588, 47),
(981, 'Ulangan Harian 1', 85, 588, 48),
(982, 'Ulangan Harian 1', 95, 588, 49),
(983, 'Ulangan Harian 1', 80, 588, 50),
(984, 'Ulangan Harian 1', 85, 588, 51),
(985, 'Ulangan Harian 1', 75, 588, 52),
(986, 'Ulangan Harian 1', 70, 588, 53),
(987, 'Ulangan Harian 1', 85, 588, 54),
(988, 'Ulangan Harian 1', 80, 588, 55),
(989, 'Ulangan Harian 1', 80, 588, 56),
(990, 'Ulangan Harian 1', 85, 588, 57),
(991, 'Ulangan Harian 1', 95, 588, 58),
(992, 'Ulangan Harian 1', 80, 588, 59),
(993, 'Ulangan Harian 1', 85, 588, 60),
(994, 'Ulangan Harian 1', 70, 588, 61),
(995, 'Ulangan Harian 1', 75, 588, 62),
(996, 'Ulangan Harian 1', 85, 588, 63),
(997, 'Tugas Harian 1', 75, 590, 37),
(998, 'Tugas Harian 1', 80, 590, 38),
(999, 'Tugas Harian 1', 85, 590, 39),
(1000, 'Tugas Harian 1', 75, 590, 40),
(1001, 'Tugas Harian 1', 95, 590, 41),
(1002, 'Tugas Harian 1', 85, 590, 42),
(1003, 'Tugas Harian 1', 80, 590, 43),
(1004, 'Tugas Harian 1', 85, 590, 44),
(1005, 'Tugas Harian 1', 75, 590, 45),
(1006, 'Tugas Harian 1', 75, 590, 46),
(1007, 'Tugas Harian 1', 85, 590, 47),
(1008, 'Tugas Harian 1', 70, 590, 48),
(1009, 'Tugas Harian 1', 85, 590, 49),
(1010, 'Tugas Harian 1', 70, 590, 50),
(1011, 'Tugas Harian 1', 85, 590, 51),
(1012, 'Tugas Harian 1', 75, 590, 52),
(1013, 'Tugas Harian 1', 85, 590, 53),
(1014, 'Tugas Harian 1', 80, 590, 54),
(1015, 'Tugas Harian 1', 95, 590, 55),
(1016, 'Tugas Harian 1', 85, 590, 56),
(1017, 'Tugas Harian 1', 80, 590, 57),
(1018, 'Tugas Harian 1', 75, 590, 58),
(1019, 'Tugas Harian 1', 75, 590, 59),
(1020, 'Tugas Harian 1', 80, 590, 60),
(1021, 'Tugas Harian 1', 85, 590, 61),
(1022, 'Tugas Harian 1', 95, 590, 62),
(1023, 'Tugas Harian 1', 80, 590, 63),
(1024, 'Ulangan Harian 1', 80, 590, 37),
(1025, 'Ulangan Harian 1', 85, 590, 38),
(1026, 'Ulangan Harian 1', 80, 590, 39),
(1027, 'Ulangan Harian 1', 85, 590, 40),
(1028, 'Ulangan Harian 1', 95, 590, 41),
(1029, 'Ulangan Harian 1', 80, 590, 42),
(1030, 'Ulangan Harian 1', 85, 590, 43),
(1031, 'Ulangan Harian 1', 95, 590, 44),
(1032, 'Ulangan Harian 1', 80, 590, 45),
(1033, 'Ulangan Harian 1', 85, 590, 46),
(1034, 'Ulangan Harian 1', 70, 590, 47),
(1035, 'Ulangan Harian 1', 75, 590, 48),
(1036, 'Ulangan Harian 1', 70, 590, 49),
(1037, 'Ulangan Harian 1', 85, 590, 50),
(1038, 'Ulangan Harian 1', 85, 590, 51),
(1039, 'Ulangan Harian 1', 75, 590, 52),
(1040, 'Ulangan Harian 1', 85, 590, 53),
(1041, 'Ulangan Harian 1', 70, 590, 54),
(1042, 'Ulangan Harian 1', 85, 590, 55),
(1043, 'Ulangan Harian 1', 80, 590, 56),
(1044, 'Ulangan Harian 1', 80, 590, 57),
(1045, 'Ulangan Harian 1', 85, 590, 58),
(1046, 'Ulangan Harian 1', 80, 590, 59),
(1047, 'Ulangan Harian 1', 80, 590, 60),
(1048, 'Ulangan Harian 1', 85, 590, 61),
(1049, 'Ulangan Harian 1', 80, 590, 62),
(1050, 'Ulangan Harian 1', 85, 590, 63),
(1051, 'Tugas Harian 1', 85, 591, 37),
(1052, 'Tugas Harian 1', 80, 591, 38),
(1053, 'Tugas Harian 1', 85, 591, 39),
(1054, 'Tugas Harian 1', 75, 591, 40),
(1055, 'Tugas Harian 1', 70, 591, 41),
(1056, 'Tugas Harian 1', 75, 591, 42),
(1057, 'Tugas Harian 1', 85, 591, 43),
(1058, 'Tugas Harian 1', 80, 591, 44),
(1059, 'Tugas Harian 1', 85, 591, 45),
(1060, 'Tugas Harian 1', 95, 591, 46),
(1061, 'Tugas Harian 1', 85, 591, 47),
(1062, 'Tugas Harian 1', 80, 591, 48),
(1063, 'Tugas Harian 1', 75, 591, 49),
(1064, 'Tugas Harian 1', 70, 591, 50),
(1065, 'Tugas Harian 1', 85, 591, 51),
(1066, 'Tugas Harian 1', 80, 591, 52),
(1067, 'Tugas Harian 1', 75, 591, 53),
(1068, 'Tugas Harian 1', 80, 591, 54),
(1069, 'Tugas Harian 1', 85, 591, 55),
(1070, 'Tugas Harian 1', 95, 591, 56),
(1071, 'Tugas Harian 1', 80, 591, 57),
(1072, 'Tugas Harian 1', 85, 591, 58),
(1073, 'Tugas Harian 1', 80, 591, 59),
(1074, 'Tugas Harian 1', 85, 591, 60),
(1075, 'Tugas Harian 1', 80, 591, 61),
(1076, 'Tugas Harian 1', 85, 591, 62),
(1077, 'Tugas Harian 1', 75, 591, 63),
(1078, 'Ulangan Harian 1', 80, 591, 37),
(1079, 'Ulangan Harian 1', 85, 591, 38),
(1080, 'Ulangan Harian 1', 95, 591, 39),
(1081, 'Ulangan Harian 1', 80, 591, 40),
(1082, 'Ulangan Harian 1', 85, 591, 41),
(1083, 'Ulangan Harian 1', 80, 591, 42),
(1084, 'Ulangan Harian 1', 75, 591, 43),
(1085, 'Ulangan Harian 1', 70, 591, 44),
(1086, 'Ulangan Harian 1', 85, 591, 45),
(1087, 'Ulangan Harian 1', 80, 591, 46),
(1088, 'Ulangan Harian 1', 85, 591, 47),
(1089, 'Ulangan Harian 1', 80, 591, 48),
(1090, 'Ulangan Harian 1', 85, 591, 49),
(1091, 'Ulangan Harian 1', 80, 591, 50),
(1092, 'Ulangan Harian 1', 95, 591, 51),
(1093, 'Ulangan Harian 1', 80, 591, 52),
(1094, 'Ulangan Harian 1', 85, 591, 53),
(1095, 'Ulangan Harian 1', 75, 591, 54),
(1096, 'Ulangan Harian 1', 80, 591, 55),
(1097, 'Ulangan Harian 1', 85, 591, 56),
(1098, 'Ulangan Harian 1', 80, 591, 57),
(1099, 'Ulangan Harian 1', 75, 591, 58),
(1100, 'Ulangan Harian 1', 70, 591, 59),
(1101, 'Ulangan Harian 1', 85, 591, 60),
(1102, 'Ulangan Harian 1', 70, 591, 61),
(1103, 'Ulangan Harian 1', 85, 591, 62),
(1104, 'Ulangan Harian 1', 80, 591, 63),
(1105, 'Tugas Harian 1', 80, 593, 37),
(1106, 'Tugas Harian 1', 85, 593, 38),
(1107, 'Tugas Harian 1', 75, 593, 39),
(1108, 'Tugas Harian 1', 70, 593, 40),
(1109, 'Tugas Harian 1', 85, 593, 41),
(1110, 'Tugas Harian 1', 80, 593, 42),
(1111, 'Tugas Harian 1', 80, 593, 43),
(1112, 'Tugas Harian 1', 95, 593, 44),
(1113, 'Tugas Harian 1', 80, 593, 45),
(1114, 'Tugas Harian 1', 85, 593, 46),
(1115, 'Tugas Harian 1', 80, 593, 47),
(1116, 'Tugas Harian 1', 80, 593, 48),
(1117, 'Tugas Harian 1', 80, 593, 49),
(1118, 'Tugas Harian 1', 80, 593, 50),
(1119, 'Tugas Harian 1', 75, 593, 51),
(1120, 'Tugas Harian 1', 80, 593, 52),
(1121, 'Tugas Harian 1', 85, 593, 53),
(1122, 'Tugas Harian 1', 80, 593, 54),
(1123, 'Tugas Harian 1', 85, 593, 55),
(1124, 'Tugas Harian 1', 95, 593, 56),
(1125, 'Tugas Harian 1', 80, 593, 57),
(1126, 'Tugas Harian 1', 85, 593, 58),
(1127, 'Tugas Harian 1', 70, 593, 59),
(1128, 'Tugas Harian 1', 80, 593, 60),
(1129, 'Tugas Harian 1', 85, 593, 61),
(1130, 'Tugas Harian 1', 95, 593, 62),
(1131, 'Tugas Harian 1', 80, 593, 63),
(1132, 'Ulangan Harian 1', 75, 593, 37),
(1133, 'Ulangan Harian 1', 80, 593, 38),
(1134, 'Ulangan Harian 1', 85, 593, 39),
(1135, 'Ulangan Harian 1', 80, 593, 40),
(1136, 'Ulangan Harian 1', 85, 593, 41),
(1137, 'Ulangan Harian 1', 80, 593, 42),
(1138, 'Ulangan Harian 1', 80, 593, 43),
(1139, 'Ulangan Harian 1', 80, 593, 44),
(1140, 'Ulangan Harian 1', 85, 593, 45),
(1141, 'Ulangan Harian 1', 85, 593, 46),
(1142, 'Ulangan Harian 1', 80, 593, 47),
(1143, 'Ulangan Harian 1', 80, 593, 48),
(1144, 'Ulangan Harian 1', 75, 593, 49),
(1145, 'Ulangan Harian 1', 75, 593, 50),
(1146, 'Ulangan Harian 1', 70, 593, 51),
(1147, 'Ulangan Harian 1', 70, 593, 52),
(1148, 'Ulangan Harian 1', 75, 593, 53),
(1149, 'Ulangan Harian 1', 85, 593, 54),
(1150, 'Ulangan Harian 1', 85, 593, 55),
(1151, 'Ulangan Harian 1', 85, 593, 56),
(1152, 'Ulangan Harian 1', 80, 593, 57),
(1153, 'Ulangan Harian 1', 80, 593, 58),
(1154, 'Ulangan Harian 1', 80, 593, 59),
(1155, 'Ulangan Harian 1', 80, 593, 60),
(1156, 'Ulangan Harian 1', 80, 593, 61),
(1157, 'Ulangan Harian 1', 80, 593, 62),
(1158, 'Ulangan Harian 1', 80, 593, 63),
(1159, 'Tugas Harian 1', 80, 595, 37),
(1160, 'Tugas Harian 1', 80, 595, 38),
(1161, 'Tugas Harian 1', 85, 595, 39),
(1162, 'Tugas Harian 1', 80, 595, 40),
(1163, 'Tugas Harian 1', 85, 595, 41),
(1164, 'Tugas Harian 1', 80, 595, 42),
(1165, 'Tugas Harian 1', 80, 595, 43),
(1166, 'Tugas Harian 1', 80, 595, 44),
(1167, 'Tugas Harian 1', 85, 595, 45),
(1168, 'Tugas Harian 1', 80, 595, 46),
(1169, 'Tugas Harian 1', 95, 595, 47),
(1170, 'Tugas Harian 1', 80, 595, 48),
(1171, 'Tugas Harian 1', 85, 595, 49),
(1172, 'Tugas Harian 1', 80, 595, 50),
(1173, 'Tugas Harian 1', 85, 595, 51),
(1174, 'Tugas Harian 1', 70, 595, 52),
(1175, 'Tugas Harian 1', 70, 595, 53),
(1176, 'Tugas Harian 1', 80, 595, 54),
(1177, 'Tugas Harian 1', 80, 595, 55),
(1178, 'Tugas Harian 1', 80, 595, 56),
(1179, 'Tugas Harian 1', 75, 595, 57),
(1180, 'Tugas Harian 1', 80, 595, 58),
(1181, 'Tugas Harian 1', 75, 595, 59),
(1182, 'Tugas Harian 1', 80, 595, 60),
(1183, 'Tugas Harian 1', 85, 595, 61),
(1184, 'Tugas Harian 1', 80, 595, 62),
(1185, 'Tugas Harian 1', 85, 595, 63),
(1186, 'Ulangan Harian 1', 80, 595, 37),
(1187, 'Ulangan Harian 1', 85, 595, 38),
(1188, 'Ulangan Harian 1', 80, 595, 39),
(1189, 'Ulangan Harian 1', 80, 595, 40),
(1190, 'Ulangan Harian 1', 85, 595, 41),
(1191, 'Ulangan Harian 1', 80, 595, 42),
(1192, 'Ulangan Harian 1', 85, 595, 43),
(1193, 'Ulangan Harian 1', 75, 595, 44),
(1194, 'Ulangan Harian 1', 70, 595, 45),
(1195, 'Ulangan Harian 1', 80, 595, 46),
(1196, 'Ulangan Harian 1', 85, 595, 47),
(1197, 'Ulangan Harian 1', 80, 595, 48),
(1198, 'Ulangan Harian 1', 80, 595, 49),
(1199, 'Ulangan Harian 1', 80, 595, 50),
(1200, 'Ulangan Harian 1', 80, 595, 51),
(1201, 'Ulangan Harian 1', 85, 595, 52),
(1202, 'Ulangan Harian 1', 80, 595, 53),
(1203, 'Ulangan Harian 1', 80, 595, 54),
(1204, 'Ulangan Harian 1', 75, 595, 55),
(1205, 'Ulangan Harian 1', 70, 595, 56),
(1206, 'Ulangan Harian 1', 75, 595, 57),
(1207, 'Ulangan Harian 1', 80, 595, 58),
(1208, 'Ulangan Harian 1', 85, 595, 59),
(1209, 'Ulangan Harian 1', 80, 595, 60),
(1210, 'Ulangan Harian 1', 85, 595, 61),
(1211, 'Ulangan Harian 1', 95, 595, 62),
(1212, 'Ulangan Harian 1', 80, 595, 63),
(1213, 'Tugas Harian 1', 85, 597, 37),
(1214, 'Tugas Harian 1', 80, 597, 38),
(1215, 'Tugas Harian 1', 85, 597, 39),
(1216, 'Tugas Harian 1', 75, 597, 40),
(1217, 'Tugas Harian 1', 85, 597, 41),
(1218, 'Tugas Harian 1', 80, 597, 42),
(1219, 'Tugas Harian 1', 80, 597, 43),
(1220, 'Tugas Harian 1', 85, 597, 44),
(1221, 'Tugas Harian 1', 95, 597, 45),
(1222, 'Tugas Harian 1', 85, 597, 46),
(1223, 'Tugas Harian 1', 80, 597, 47),
(1224, 'Tugas Harian 1', 85, 597, 48),
(1225, 'Tugas Harian 1', 75, 597, 49),
(1226, 'Tugas Harian 1', 80, 597, 50),
(1227, 'Tugas Harian 1', 95, 597, 51),
(1228, 'Tugas Harian 1', 80, 597, 52),
(1229, 'Tugas Harian 1', 85, 597, 53),
(1230, 'Tugas Harian 1', 80, 597, 54),
(1231, 'Tugas Harian 1', 85, 597, 55),
(1232, 'Tugas Harian 1', 75, 597, 56),
(1233, 'Tugas Harian 1', 80, 597, 57),
(1234, 'Tugas Harian 1', 80, 597, 58),
(1235, 'Tugas Harian 1', 75, 597, 59),
(1236, 'Tugas Harian 1', 80, 597, 60),
(1237, 'Tugas Harian 1', 95, 597, 61),
(1238, 'Tugas Harian 1', 80, 597, 62),
(1239, 'Tugas Harian 1', 85, 597, 63),
(1240, 'Ulangan Harian 1', 85, 597, 37),
(1241, 'Ulangan Harian 1', 80, 597, 38),
(1242, 'Ulangan Harian 1', 80, 597, 39),
(1243, 'Ulangan Harian 1', 95, 597, 40),
(1244, 'Ulangan Harian 1', 80, 597, 41),
(1245, 'Ulangan Harian 1', 85, 597, 42),
(1246, 'Ulangan Harian 1', 75, 597, 43),
(1247, 'Ulangan Harian 1', 80, 597, 44),
(1248, 'Ulangan Harian 1', 85, 597, 45),
(1249, 'Ulangan Harian 1', 80, 597, 46),
(1250, 'Ulangan Harian 1', 85, 597, 47),
(1251, 'Ulangan Harian 1', 75, 597, 48),
(1252, 'Ulangan Harian 1', 75, 597, 49),
(1253, 'Ulangan Harian 1', 85, 597, 50),
(1254, 'Ulangan Harian 1', 75, 597, 51),
(1255, 'Ulangan Harian 1', 70, 597, 52),
(1256, 'Ulangan Harian 1', 85, 597, 53),
(1257, 'Ulangan Harian 1', 95, 597, 54),
(1258, 'Ulangan Harian 1', 80, 597, 55),
(1259, 'Ulangan Harian 1', 80, 597, 56),
(1260, 'Ulangan Harian 1', 85, 597, 57),
(1261, 'Ulangan Harian 1', 75, 597, 58),
(1262, 'Ulangan Harian 1', 80, 597, 59),
(1263, 'Ulangan Harian 1', 85, 597, 60),
(1264, 'Ulangan Harian 1', 95, 597, 61),
(1265, 'Ulangan Harian 1', 80, 597, 62),
(1266, 'Ulangan Harian 1', 75, 597, 63),
(1267, 'Tugas Harian 1', 85, 592, 37),
(1268, 'Tugas Harian 1', 80, 592, 38),
(1269, 'Tugas Harian 1', 85, 592, 39),
(1270, 'Tugas Harian 1', 80, 592, 40),
(1271, 'Tugas Harian 1', 85, 592, 41),
(1272, 'Tugas Harian 1', 85, 592, 42),
(1273, 'Tugas Harian 1', 95, 592, 43),
(1274, 'Tugas Harian 1', 90, 592, 44),
(1275, 'Tugas Harian 1', 80, 592, 45),
(1276, 'Tugas Harian 1', 85, 592, 46),
(1277, 'Tugas Harian 1', 75, 592, 47),
(1278, 'Tugas Harian 1', 80, 592, 48),
(1279, 'Tugas Harian 1', 75, 592, 49),
(1280, 'Tugas Harian 1', 80, 592, 50),
(1281, 'Tugas Harian 1', 75, 592, 51),
(1282, 'Tugas Harian 1', 70, 592, 52),
(1283, 'Tugas Harian 1', 85, 592, 53),
(1284, 'Tugas Harian 1', 80, 592, 54),
(1285, 'Tugas Harian 1', 75, 592, 55),
(1286, 'Tugas Harian 1', 80, 592, 56),
(1287, 'Tugas Harian 1', 85, 592, 57),
(1288, 'Tugas Harian 1', 70, 592, 58),
(1289, 'Tugas Harian 1', 70, 592, 59),
(1290, 'Tugas Harian 1', 85, 592, 60),
(1291, 'Tugas Harian 1', 70, 592, 61),
(1292, 'Tugas Harian 1', 85, 592, 62),
(1293, 'Tugas Harian 1', 80, 592, 63),
(1294, 'Tugas Harian 1', 80, 594, 37),
(1295, 'Tugas Harian 1', 85, 594, 38),
(1296, 'Tugas Harian 1', 80, 594, 39),
(1297, 'Tugas Harian 1', 75, 594, 40),
(1298, 'Tugas Harian 1', 80, 594, 41),
(1299, 'Tugas Harian 1', 95, 594, 42),
(1300, 'Tugas Harian 1', 80, 594, 43),
(1301, 'Tugas Harian 1', 75, 594, 44),
(1302, 'Tugas Harian 1', 80, 594, 45),
(1303, 'Tugas Harian 1', 85, 594, 46),
(1304, 'Tugas Harian 1', 95, 594, 47),
(1305, 'Tugas Harian 1', 80, 594, 48),
(1306, 'Tugas Harian 1', 85, 594, 49),
(1307, 'Tugas Harian 1', 75, 594, 50),
(1308, 'Tugas Harian 1', 75, 594, 51),
(1309, 'Tugas Harian 1', 75, 594, 52),
(1310, 'Tugas Harian 1', 70, 594, 53),
(1311, 'Tugas Harian 1', 75, 594, 54),
(1312, 'Tugas Harian 1', 85, 594, 55),
(1313, 'Tugas Harian 1', 80, 594, 56),
(1314, 'Tugas Harian 1', 85, 594, 57),
(1315, 'Tugas Harian 1', 75, 594, 58),
(1316, 'Tugas Harian 1', 70, 594, 59),
(1317, 'Tugas Harian 1', 85, 594, 60),
(1318, 'Tugas Harian 1', 80, 594, 61),
(1319, 'Tugas Harian 1', 80, 594, 62),
(1320, 'Tugas Harian 1', 85, 594, 63),
(1321, 'Tugas Harian 1', 80, 596, 37),
(1322, 'Tugas Harian 1', 85, 596, 38),
(1323, 'Tugas Harian 1', 75, 596, 39),
(1324, 'Tugas Harian 1', 80, 596, 40),
(1325, 'Tugas Harian 1', 85, 596, 41),
(1326, 'Tugas Harian 1', 80, 596, 42),
(1327, 'Tugas Harian 1', 85, 596, 43),
(1328, 'Tugas Harian 1', 80, 596, 44),
(1329, 'Tugas Harian 1', 85, 596, 45),
(1330, 'Tugas Harian 1', 75, 596, 46),
(1331, 'Tugas Harian 1', 80, 596, 47),
(1332, 'Tugas Harian 1', 85, 596, 48),
(1333, 'Tugas Harian 1', 80, 596, 49),
(1334, 'Tugas Harian 1', 85, 596, 50),
(1335, 'Tugas Harian 1', 75, 596, 51),
(1336, 'Tugas Harian 1', 80, 596, 52),
(1337, 'Tugas Harian 1', 95, 596, 53),
(1338, 'Tugas Harian 1', 80, 596, 54),
(1339, 'Tugas Harian 1', 75, 596, 55),
(1340, 'Tugas Harian 1', 80, 596, 56),
(1341, 'Tugas Harian 1', 80, 596, 57),
(1342, 'Tugas Harian 1', 85, 596, 58),
(1343, 'Tugas Harian 1', 75, 596, 59),
(1344, 'Tugas Harian 1', 80, 596, 60),
(1345, 'Tugas Harian 1', 85, 596, 61),
(1346, 'Tugas Harian 1', 85, 596, 62),
(1347, 'Tugas Harian 1', 70, 596, 63),
(1348, 'Tugas Harian 1', 85, 598, 37),
(1349, 'Tugas Harian 1', 80, 598, 38),
(1350, 'Tugas Harian 1', 75, 598, 39),
(1351, 'Tugas Harian 1', 80, 598, 40),
(1352, 'Tugas Harian 1', 85, 598, 41),
(1353, 'Tugas Harian 1', 75, 598, 42),
(1354, 'Tugas Harian 1', 75, 598, 43),
(1355, 'Tugas Harian 1', 80, 598, 44),
(1356, 'Tugas Harian 1', 85, 598, 45),
(1357, 'Tugas Harian 1', 95, 598, 46),
(1358, 'Tugas Harian 1', 80, 598, 47),
(1359, 'Tugas Harian 1', 85, 598, 48),
(1360, 'Tugas Harian 1', 95, 598, 49),
(1361, 'Tugas Harian 1', 80, 598, 50),
(1362, 'Tugas Harian 1', 85, 598, 51),
(1363, 'Tugas Harian 1', 85, 598, 52),
(1364, 'Tugas Harian 1', 80, 598, 53),
(1365, 'Tugas Harian 1', 75, 598, 54),
(1366, 'Tugas Harian 1', 70, 598, 55),
(1367, 'Tugas Harian 1', 80, 598, 56),
(1368, 'Tugas Harian 1', 80, 598, 57),
(1369, 'Tugas Harian 1', 85, 598, 58),
(1370, 'Tugas Harian 1', 80, 598, 59),
(1371, 'Tugas Harian 1', 85, 598, 60),
(1372, 'Tugas Harian 1', 90, 598, 61),
(1373, 'Tugas Harian 1', 85, 598, 62),
(1374, 'Tugas Harian 1', 75, 598, 63),
(1375, 'Tugas Harian 1', 80, 191, 37),
(1376, 'Tugas Harian 1', 80, 191, 38),
(1377, 'Tugas Harian 1', 85, 191, 39),
(1378, 'Tugas Harian 1', 80, 191, 40),
(1379, 'Tugas Harian 1', 80, 191, 41),
(1380, 'Tugas Harian 1', 80, 191, 42),
(1381, 'Tugas Harian 1', 80, 191, 43),
(1382, 'Tugas Harian 1', 80, 191, 44),
(1383, 'Tugas Harian 1', 75, 191, 45),
(1384, 'Tugas Harian 1', 80, 191, 46),
(1385, 'Tugas Harian 1', 80, 191, 47),
(1386, 'Tugas Harian 1', 80, 191, 48),
(1387, 'Tugas Harian 1', 80, 191, 49),
(1388, 'Tugas Harian 1', 80, 191, 50),
(1389, 'Tugas Harian 1', 80, 191, 51),
(1390, 'Tugas Harian 1', 80, 191, 52),
(1391, 'Tugas Harian 1', 80, 191, 53),
(1392, 'Tugas Harian 1', 75, 191, 54),
(1393, 'Tugas Harian 1', 80, 191, 55),
(1394, 'Tugas Harian 1', 80, 191, 56),
(1395, 'Tugas Harian 1', 75, 191, 57),
(1396, 'Tugas Harian 1', 80, 191, 58),
(1397, 'Tugas Harian 1', 80, 191, 59),
(1398, 'Tugas Harian 1', 80, 191, 60),
(1399, 'Tugas Harian 1', 80, 191, 61),
(1400, 'Tugas Harian 1', 75, 191, 62),
(1401, 'Tugas Harian 1', 80, 191, 63),
(1429, 'Tugas Harian 1', 80, 193, 37),
(1430, 'Tugas Harian 1', 85, 193, 38),
(1431, 'Tugas Harian 1', 75, 193, 39),
(1432, 'Tugas Harian 1', 70, 193, 40),
(1433, 'Tugas Harian 1', 85, 193, 41),
(1434, 'Tugas Harian 1', 80, 193, 42),
(1435, 'Tugas Harian 1', 85, 193, 43),
(1436, 'Tugas Harian 1', 75, 193, 44),
(1437, 'Tugas Harian 1', 70, 193, 45),
(1438, 'Tugas Harian 1', 85, 193, 46),
(1439, 'Tugas Harian 1', 95, 193, 47),
(1440, 'Tugas Harian 1', 80, 193, 48),
(1441, 'Tugas Harian 1', 75, 193, 49),
(1442, 'Tugas Harian 1', 70, 193, 50),
(1443, 'Tugas Harian 1', 85, 193, 51),
(1444, 'Tugas Harian 1', 85, 193, 52),
(1445, 'Tugas Harian 1', 75, 193, 53),
(1446, 'Tugas Harian 1', 80, 193, 54),
(1447, 'Tugas Harian 1', 85, 193, 55),
(1448, 'Tugas Harian 1', 95, 193, 56),
(1449, 'Tugas Harian 1', 80, 193, 57),
(1450, 'Tugas Harian 1', 80, 193, 58),
(1451, 'Tugas Harian 1', 85, 193, 59),
(1452, 'Tugas Harian 1', 95, 193, 60),
(1453, 'Tugas Harian 1', 80, 193, 61),
(1454, 'Tugas Harian 1', 75, 193, 62),
(1455, 'Tugas Harian 1', 80, 193, 63),
(1456, 'Tugas Harian 1', 80, 195, 37),
(1457, 'Tugas Harian 1', 85, 195, 38),
(1458, 'Tugas Harian 1', 80, 195, 39),
(1459, 'Tugas Harian 1', 75, 195, 40),
(1460, 'Tugas Harian 1', 80, 195, 41),
(1461, 'Tugas Harian 1', 85, 195, 42),
(1462, 'Tugas Harian 1', 80, 195, 43),
(1463, 'Tugas Harian 1', 80, 195, 44),
(1464, 'Tugas Harian 1', 85, 195, 45),
(1465, 'Tugas Harian 1', 80, 195, 46),
(1466, 'Tugas Harian 1', 75, 195, 47),
(1467, 'Tugas Harian 1', 80, 195, 48),
(1468, 'Tugas Harian 1', 85, 195, 49),
(1469, 'Tugas Harian 1', 80, 195, 50),
(1470, 'Tugas Harian 1', 75, 195, 51),
(1471, 'Tugas Harian 1', 80, 195, 52),
(1472, 'Tugas Harian 1', 75, 195, 53),
(1473, 'Tugas Harian 1', 80, 195, 54),
(1474, 'Tugas Harian 1', 75, 195, 55),
(1475, 'Tugas Harian 1', 80, 195, 56),
(1476, 'Tugas Harian 1', 95, 195, 57),
(1477, 'Tugas Harian 1', 80, 195, 58),
(1478, 'Tugas Harian 1', 75, 195, 59),
(1479, 'Tugas Harian 1', 80, 195, 60),
(1480, 'Tugas Harian 1', 85, 195, 61),
(1481, 'Tugas Harian 1', 80, 195, 62),
(1482, 'Tugas Harian 1', 75, 195, 63),
(1483, 'Ulangan Harian 1', 80, 191, 37),
(1484, 'Ulangan Harian 1', 80, 191, 38),
(1485, 'Ulangan Harian 1', 85, 191, 39),
(1486, 'Ulangan Harian 1', 80, 191, 40),
(1487, 'Ulangan Harian 1', 75, 191, 41),
(1488, 'Ulangan Harian 1', 80, 191, 42),
(1489, 'Ulangan Harian 1', 80, 191, 43),
(1490, 'Ulangan Harian 1', 80, 191, 44),
(1491, 'Ulangan Harian 1', 85, 191, 45),
(1492, 'Ulangan Harian 1', 80, 191, 46),
(1493, 'Ulangan Harian 1', 85, 191, 47),
(1494, 'Ulangan Harian 1', 80, 191, 48),
(1495, 'Ulangan Harian 1', 75, 191, 49),
(1496, 'Ulangan Harian 1', 80, 191, 50),
(1497, 'Ulangan Harian 1', 75, 191, 51),
(1498, 'Ulangan Harian 1', 80, 191, 52),
(1499, 'Ulangan Harian 1', 85, 191, 53),
(1500, 'Ulangan Harian 1', 80, 191, 54),
(1501, 'Ulangan Harian 1', 80, 191, 55),
(1502, 'Ulangan Harian 1', 75, 191, 56),
(1503, 'Ulangan Harian 1', 80, 191, 57),
(1504, 'Ulangan Harian 1', 95, 191, 58),
(1505, 'Ulangan Harian 1', 80, 191, 59),
(1506, 'Ulangan Harian 1', 75, 191, 60),
(1507, 'Ulangan Harian 1', 80, 191, 61),
(1508, 'Ulangan Harian 1', 70, 191, 62),
(1509, 'Ulangan Harian 1', 85, 191, 63),
(1510, 'Tugas Harian 1', 80, 601, 37),
(1511, 'Tugas Harian 1', 85, 601, 38),
(1512, 'Tugas Harian 1', 80, 601, 39),
(1513, 'Tugas Harian 1', 80, 601, 40),
(1514, 'Tugas Harian 1', 75, 601, 41),
(1515, 'Tugas Harian 1', 80, 601, 42),
(1516, 'Tugas Harian 1', 80, 601, 43),
(1517, 'Tugas Harian 1', 85, 601, 44),
(1518, 'Tugas Harian 1', 80, 601, 45),
(1519, 'Tugas Harian 1', 80, 601, 46),
(1520, 'Tugas Harian 1', 75, 601, 47),
(1521, 'Tugas Harian 1', 80, 601, 48),
(1522, 'Tugas Harian 1', 80, 601, 49),
(1523, 'Tugas Harian 1', 80, 601, 50),
(1524, 'Tugas Harian 1', 80, 601, 51),
(1525, 'Tugas Harian 1', 75, 601, 52),
(1526, 'Tugas Harian 1', 80, 601, 53),
(1527, 'Tugas Harian 1', 75, 601, 54),
(1528, 'Tugas Harian 1', 80, 601, 55),
(1529, 'Tugas Harian 1', 75, 601, 56),
(1530, 'Tugas Harian 1', 80, 601, 57),
(1531, 'Tugas Harian 1', 75, 601, 58),
(1532, 'Tugas Harian 1', 80, 601, 59),
(1533, 'Tugas Harian 1', 75, 601, 60),
(1534, 'Tugas Harian 1', 80, 601, 61),
(1535, 'Tugas Harian 1', 75, 601, 62),
(1536, 'Tugas Harian 1', 80, 601, 63),
(1537, 'Tugas Harian 1', 80, 197, 37),
(1538, 'Tugas Harian 1', 80, 197, 38),
(1539, 'Tugas Harian 1', 80, 197, 39),
(1540, 'Tugas Harian 1', 80, 197, 40),
(1541, 'Tugas Harian 1', 80, 197, 41),
(1542, 'Tugas Harian 1', 85, 197, 42),
(1543, 'Tugas Harian 1', 80, 197, 43),
(1544, 'Tugas Harian 1', 80, 197, 44),
(1545, 'Tugas Harian 1', 80, 197, 45),
(1546, 'Tugas Harian 1', 85, 197, 46),
(1547, 'Tugas Harian 1', 80, 197, 47),
(1548, 'Tugas Harian 1', 80, 197, 48),
(1549, 'Tugas Harian 1', 85, 197, 49),
(1550, 'Tugas Harian 1', 80, 197, 50),
(1551, 'Tugas Harian 1', 80, 197, 51),
(1552, 'Tugas Harian 1', 80, 197, 52),
(1553, 'Tugas Harian 1', 75, 197, 53),
(1554, 'Tugas Harian 1', 80, 197, 54),
(1555, 'Tugas Harian 1', 85, 197, 55),
(1556, 'Tugas Harian 1', 80, 197, 56),
(1557, 'Tugas Harian 1', 80, 197, 57),
(1558, 'Tugas Harian 1', 85, 197, 58),
(1559, 'Tugas Harian 1', 80, 197, 59),
(1560, 'Tugas Harian 1', 85, 197, 60),
(1561, 'Tugas Harian 1', 80, 197, 61),
(1562, 'Tugas Harian 1', 85, 197, 62),
(1563, 'Tugas Harian 1', 80, 197, 63),
(1564, 'Tugas Harian 1', 80, 602, 37),
(1565, 'Tugas Harian 1', 85, 602, 38),
(1566, 'Tugas Harian 1', 80, 602, 39),
(1567, 'Tugas Harian 1', 85, 602, 40),
(1568, 'Tugas Harian 1', 75, 602, 41),
(1569, 'Tugas Harian 1', 80, 602, 42),
(1570, 'Tugas Harian 1', 75, 602, 43),
(1571, 'Tugas Harian 1', 80, 602, 44),
(1572, 'Tugas Harian 1', 85, 602, 45),
(1573, 'Tugas Harian 1', 75, 602, 46),
(1574, 'Tugas Harian 1', 80, 602, 47),
(1575, 'Tugas Harian 1', 75, 602, 48),
(1576, 'Tugas Harian 1', 80, 602, 49),
(1577, 'Tugas Harian 1', 95, 602, 50),
(1578, 'Tugas Harian 1', 80, 602, 51),
(1579, 'Tugas Harian 1', 75, 602, 52),
(1580, 'Tugas Harian 1', 75, 602, 53),
(1581, 'Tugas Harian 1', 80, 602, 54),
(1582, 'Tugas Harian 1', 75, 602, 55),
(1583, 'Tugas Harian 1', 80, 602, 56),
(1584, 'Tugas Harian 1', 95, 602, 57),
(1585, 'Tugas Harian 1', 80, 602, 58),
(1586, 'Tugas Harian 1', 85, 602, 59),
(1587, 'Tugas Harian 1', 75, 602, 60),
(1588, 'Tugas Harian 1', 80, 602, 61),
(1589, 'Tugas Harian 1', 85, 602, 62),
(1590, 'Tugas Harian 1', 80, 602, 63),
(1591, 'Tugas Harian 1', 85, 192, 37),
(1592, 'Tugas Harian 1', 75, 192, 38),
(1593, 'Tugas Harian 1', 80, 192, 39),
(1594, 'Tugas Harian 1', 75, 192, 40),
(1595, 'Tugas Harian 1', 80, 192, 41),
(1596, 'Tugas Harian 1', 85, 192, 42),
(1597, 'Tugas Harian 1', 80, 192, 43),
(1598, 'Tugas Harian 1', 75, 192, 44),
(1599, 'Tugas Harian 1', 75, 192, 45),
(1600, 'Tugas Harian 1', 80, 192, 46),
(1601, 'Tugas Harian 1', 85, 192, 47),
(1602, 'Tugas Harian 1', 95, 192, 48),
(1603, 'Tugas Harian 1', 80, 192, 49),
(1604, 'Tugas Harian 1', 85, 192, 50),
(1605, 'Tugas Harian 1', 75, 192, 51),
(1606, 'Tugas Harian 1', 80, 192, 52),
(1607, 'Tugas Harian 1', 85, 192, 53),
(1608, 'Tugas Harian 1', 75, 192, 54),
(1609, 'Tugas Harian 1', 85, 192, 55),
(1610, 'Tugas Harian 1', 80, 192, 56),
(1611, 'Tugas Harian 1', 75, 192, 57),
(1612, 'Tugas Harian 1', 80, 192, 58),
(1613, 'Tugas Harian 1', 75, 192, 59),
(1614, 'Tugas Harian 1', 85, 192, 60),
(1615, 'Tugas Harian 1', 85, 192, 61),
(1616, 'Tugas Harian 1', 75, 192, 62),
(1617, 'Tugas Harian 1', 80, 192, 63),
(1618, 'Tugas Harian 1', 85, 194, 37),
(1619, 'Tugas Harian 1', 75, 194, 38),
(1620, 'Tugas Harian 1', 75, 194, 39),
(1621, 'Tugas Harian 1', 80, 194, 40),
(1622, 'Tugas Harian 1', 85, 194, 41),
(1623, 'Tugas Harian 1', 95, 194, 42),
(1624, 'Tugas Harian 1', 80, 194, 43),
(1625, 'Tugas Harian 1', 85, 194, 44),
(1626, 'Tugas Harian 1', 75, 194, 45),
(1627, 'Tugas Harian 1', 80, 194, 46),
(1628, 'Tugas Harian 1', 85, 194, 47),
(1629, 'Tugas Harian 1', 75, 194, 48),
(1630, 'Tugas Harian 1', 80, 194, 49),
(1631, 'Tugas Harian 1', 75, 194, 50),
(1632, 'Tugas Harian 1', 80, 194, 51),
(1633, 'Tugas Harian 1', 85, 194, 52),
(1634, 'Tugas Harian 1', 85, 194, 53),
(1635, 'Tugas Harian 1', 75, 194, 54),
(1636, 'Tugas Harian 1', 70, 194, 55),
(1637, 'Tugas Harian 1', 85, 194, 56),
(1638, 'Tugas Harian 1', 80, 194, 57),
(1639, 'Tugas Harian 1', 85, 194, 58),
(1640, 'Tugas Harian 1', 75, 194, 59),
(1641, 'Tugas Harian 1', 95, 194, 60),
(1642, 'Tugas Harian 1', 80, 194, 61),
(1643, 'Tugas Harian 1', 75, 194, 62),
(1644, 'Tugas Harian 1', 75, 194, 63),
(1645, 'Tugas Harian 1', 75, 196, 37),
(1646, 'Tugas Harian 1', 85, 196, 38),
(1647, 'Tugas Harian 1', 80, 196, 39),
(1648, 'Tugas Harian 1', 85, 196, 40),
(1649, 'Tugas Harian 1', 75, 196, 41),
(1650, 'Tugas Harian 1', 85, 196, 42),
(1651, 'Tugas Harian 1', 75, 196, 43),
(1652, 'Tugas Harian 1', 80, 196, 44),
(1653, 'Tugas Harian 1', 85, 196, 45),
(1654, 'Tugas Harian 1', 95, 196, 46),
(1655, 'Tugas Harian 1', 80, 196, 47),
(1656, 'Tugas Harian 1', 75, 196, 48),
(1657, 'Tugas Harian 1', 80, 196, 49),
(1658, 'Tugas Harian 1', 85, 196, 50),
(1659, 'Tugas Harian 1', 75, 196, 51),
(1660, 'Tugas Harian 1', 80, 196, 52),
(1661, 'Tugas Harian 1', 85, 196, 53),
(1662, 'Tugas Harian 1', 95, 196, 54),
(1663, 'Tugas Harian 1', 80, 196, 55),
(1664, 'Tugas Harian 1', 85, 196, 56),
(1665, 'Tugas Harian 1', 75, 196, 57),
(1666, 'Tugas Harian 1', 80, 196, 58),
(1667, 'Tugas Harian 1', 85, 196, 59),
(1668, 'Tugas Harian 1', 85, 196, 60),
(1669, 'Tugas Harian 1', 95, 196, 61),
(1670, 'Tugas Harian 1', 80, 196, 62),
(1671, 'Tugas Harian 1', 85, 196, 63),
(1672, 'Tugas Harian 1', 80, 198, 37),
(1673, 'Tugas Harian 1', 85, 198, 38),
(1674, 'Tugas Harian 1', 80, 198, 39),
(1675, 'Tugas Harian 1', 75, 198, 40),
(1676, 'Tugas Harian 1', 80, 198, 41),
(1677, 'Tugas Harian 1', 85, 198, 42),
(1678, 'Tugas Harian 1', 80, 198, 43),
(1679, 'Tugas Harian 1', 75, 198, 44),
(1680, 'Tugas Harian 1', 80, 198, 45),
(1681, 'Tugas Harian 1', 85, 198, 46),
(1682, 'Tugas Harian 1', 75, 198, 47),
(1683, 'Tugas Harian 1', 80, 198, 48),
(1684, 'Tugas Harian 1', 75, 198, 49),
(1685, 'Tugas Harian 1', 80, 198, 50),
(1686, 'Tugas Harian 1', 95, 198, 51),
(1687, 'Tugas Harian 1', 80, 198, 52),
(1688, 'Tugas Harian 1', 70, 198, 53),
(1689, 'Tugas Harian 1', 85, 198, 54),
(1690, 'Tugas Harian 1', 75, 198, 55),
(1691, 'Tugas Harian 1', 80, 198, 56),
(1692, 'Tugas Harian 1', 85, 198, 57),
(1693, 'Tugas Harian 1', 75, 198, 58),
(1694, 'Tugas Harian 1', 80, 198, 59),
(1695, 'Tugas Harian 1', 85, 198, 60),
(1696, 'Tugas Harian 1', 80, 198, 61),
(1697, 'Tugas Harian 1', 75, 198, 62),
(1698, 'Tugas Harian 1', 80, 198, 63),
(1699, 'Tugas Harian 1', 75, 200, 37),
(1700, 'Tugas Harian 1', 80, 200, 38),
(1701, 'Tugas Harian 1', 85, 200, 39),
(1702, 'Tugas Harian 1', 95, 200, 40),
(1703, 'Tugas Harian 1', 80, 200, 41),
(1704, 'Tugas Harian 1', 85, 200, 42),
(1705, 'Tugas Harian 1', 75, 200, 43),
(1706, 'Tugas Harian 1', 80, 200, 44),
(1707, 'Tugas Harian 1', 85, 200, 45),
(1708, 'Tugas Harian 1', 80, 200, 46),
(1709, 'Tugas Harian 1', 75, 200, 47),
(1710, 'Tugas Harian 1', 80, 200, 48),
(1711, 'Tugas Harian 1', 75, 200, 49),
(1712, 'Tugas Harian 1', 80, 200, 50),
(1713, 'Tugas Harian 1', 85, 200, 51),
(1714, 'Tugas Harian 1', 75, 200, 52),
(1715, 'Tugas Harian 1', 75, 200, 53),
(1716, 'Tugas Harian 1', 80, 200, 54),
(1717, 'Tugas Harian 1', 80, 200, 55),
(1718, 'Tugas Harian 1', 80, 200, 56),
(1719, 'Tugas Harian 1', 80, 200, 57),
(1720, 'Tugas Harian 1', 75, 200, 58),
(1721, 'Tugas Harian 1', 80, 200, 59),
(1722, 'Tugas Harian 1', 85, 200, 60),
(1723, 'Tugas Harian 1', 95, 200, 61),
(1724, 'Tugas Harian 1', 80, 200, 62),
(1725, 'Tugas Harian 1', 75, 200, 63),
(1726, 'Tugas Harian 1', 85, 204, 37),
(1727, 'Tugas Harian 1', 80, 204, 38),
(1728, 'Tugas Harian 1', 75, 204, 39),
(1729, 'Tugas Harian 1', 80, 204, 40),
(1730, 'Tugas Harian 1', 85, 204, 41),
(1731, 'Tugas Harian 1', 75, 204, 42),
(1732, 'Tugas Harian 1', 80, 204, 43),
(1733, 'Tugas Harian 1', 95, 204, 44),
(1734, 'Tugas Harian 1', 80, 204, 45),
(1735, 'Tugas Harian 1', 85, 204, 46),
(1736, 'Tugas Harian 1', 75, 204, 47),
(1737, 'Tugas Harian 1', 80, 204, 48),
(1738, 'Tugas Harian 1', 75, 204, 49),
(1739, 'Tugas Harian 1', 80, 204, 50),
(1740, 'Tugas Harian 1', 80, 204, 51),
(1741, 'Tugas Harian 1', 80, 204, 52),
(1742, 'Tugas Harian 1', 75, 204, 53),
(1743, 'Tugas Harian 1', 80, 204, 54),
(1744, 'Tugas Harian 1', 75, 204, 55),
(1745, 'Tugas Harian 1', 80, 204, 56),
(1746, 'Tugas Harian 1', 75, 204, 57),
(1747, 'Tugas Harian 1', 80, 204, 58),
(1748, 'Tugas Harian 1', 70, 204, 59),
(1749, 'Tugas Harian 1', 80, 204, 60),
(1750, 'Tugas Harian 1', 75, 204, 61),
(1751, 'Tugas Harian 1', 85, 204, 62),
(1752, 'Tugas Harian 1', 80, 204, 63),
(1753, 'Tugas Harian 1', 80, 202, 37),
(1754, 'Tugas Harian 1', 75, 202, 38),
(1755, 'Tugas Harian 1', 80, 202, 39),
(1756, 'Tugas Harian 1', 70, 202, 40),
(1757, 'Tugas Harian 1', 70, 202, 41),
(1758, 'Tugas Harian 1', 70, 202, 42),
(1759, 'Tugas Harian 1', 75, 202, 43),
(1760, 'Tugas Harian 1', 70, 202, 44),
(1761, 'Tugas Harian 1', 70, 202, 45),
(1762, 'Tugas Harian 1', 85, 202, 46),
(1763, 'Tugas Harian 1', 80, 202, 47),
(1764, 'Tugas Harian 1', 75, 202, 48),
(1765, 'Tugas Harian 1', 75, 202, 49),
(1766, 'Tugas Harian 1', 80, 202, 50),
(1767, 'Tugas Harian 1', 85, 202, 51),
(1768, 'Tugas Harian 1', 75, 202, 52),
(1769, 'Tugas Harian 1', 75, 202, 53),
(1770, 'Tugas Harian 1', 80, 202, 54),
(1771, 'Tugas Harian 1', 85, 202, 55),
(1772, 'Tugas Harian 1', 70, 202, 56),
(1773, 'Tugas Harian 1', 85, 202, 57),
(1774, 'Tugas Harian 1', 85, 202, 58),
(1775, 'Tugas Harian 1', 75, 202, 59),
(1776, 'Tugas Harian 1', 80, 202, 60),
(1777, 'Tugas Harian 1', 75, 202, 61),
(1778, 'Tugas Harian 1', 80, 202, 62),
(1779, 'Tugas Harian 1', 85, 202, 63),
(1780, 'Tugas Harian 1', 80, 199, 37),
(1781, 'Tugas Harian 1', 75, 199, 38),
(1782, 'Tugas Harian 1', 75, 199, 39),
(1783, 'Tugas Harian 1', 80, 199, 40),
(1784, 'Tugas Harian 1', 75, 199, 41),
(1785, 'Tugas Harian 1', 80, 199, 42),
(1786, 'Tugas Harian 1', 75, 199, 43),
(1787, 'Tugas Harian 1', 95, 199, 44),
(1788, 'Tugas Harian 1', 80, 199, 45),
(1789, 'Tugas Harian 1', 75, 199, 46),
(1790, 'Tugas Harian 1', 80, 199, 47),
(1791, 'Tugas Harian 1', 75, 199, 48),
(1792, 'Tugas Harian 1', 80, 199, 49),
(1793, 'Tugas Harian 1', 80, 199, 50),
(1794, 'Tugas Harian 1', 75, 199, 51),
(1795, 'Tugas Harian 1', 80, 199, 52),
(1796, 'Tugas Harian 1', 75, 199, 53),
(1797, 'Tugas Harian 1', 80, 199, 54),
(1798, 'Tugas Harian 1', 75, 199, 55),
(1799, 'Tugas Harian 1', 80, 199, 56),
(1800, 'Tugas Harian 1', 75, 199, 57),
(1801, 'Tugas Harian 1', 80, 199, 58),
(1802, 'Tugas Harian 1', 95, 199, 59),
(1803, 'Tugas Harian 1', 90, 199, 60),
(1804, 'Tugas Harian 1', 90, 199, 61),
(1805, 'Tugas Harian 1', 95, 199, 62),
(1806, 'Tugas Harian 1', 80, 199, 63),
(1807, 'Tugas Harian 1', 80, 203, 37),
(1808, 'Tugas Harian 1', 75, 203, 38),
(1809, 'Tugas Harian 1', 75, 203, 39),
(1810, 'Tugas Harian 1', 80, 203, 40),
(1811, 'Tugas Harian 1', 85, 203, 41),
(1812, 'Tugas Harian 1', 75, 203, 42),
(1813, 'Tugas Harian 1', 80, 203, 43),
(1814, 'Tugas Harian 1', 75, 203, 44),
(1815, 'Tugas Harian 1', 85, 203, 45),
(1816, 'Tugas Harian 1', 80, 203, 46),
(1817, 'Tugas Harian 1', 75, 203, 47),
(1818, 'Tugas Harian 1', 95, 203, 48),
(1819, 'Tugas Harian 1', 80, 203, 49),
(1820, 'Tugas Harian 1', 75, 203, 50),
(1821, 'Tugas Harian 1', 80, 203, 51),
(1822, 'Tugas Harian 1', 75, 203, 52),
(1823, 'Tugas Harian 1', 85, 203, 53),
(1824, 'Tugas Harian 1', 80, 203, 54),
(1825, 'Tugas Harian 1', 75, 203, 55),
(1826, 'Tugas Harian 1', 80, 203, 56),
(1827, 'Tugas Harian 1', 75, 203, 57),
(1828, 'Tugas Harian 1', 80, 203, 58),
(1829, 'Tugas Harian 1', 95, 203, 59),
(1830, 'Tugas Harian 1', 80, 203, 60),
(1831, 'Tugas Harian 1', 75, 203, 61),
(1832, 'Tugas Harian 1', 75, 203, 62),
(1833, 'Tugas Harian 1', 80, 203, 63),
(1834, 'Tugas Harian 1', 85, 201, 37),
(1835, 'Tugas Harian 1', 75, 201, 38),
(1836, 'Tugas Harian 1', 80, 201, 39),
(1837, 'Tugas Harian 1', 75, 201, 40),
(1838, 'Tugas Harian 1', 80, 201, 41),
(1839, 'Tugas Harian 1', 85, 201, 42),
(1840, 'Tugas Harian 1', 95, 201, 43),
(1841, 'Tugas Harian 1', 80, 201, 44),
(1842, 'Tugas Harian 1', 75, 201, 45),
(1843, 'Tugas Harian 1', 80, 201, 46),
(1844, 'Tugas Harian 1', 70, 201, 47),
(1845, 'Tugas Harian 1', 85, 201, 48),
(1846, 'Tugas Harian 1', 80, 201, 49),
(1847, 'Tugas Harian 1', 75, 201, 50),
(1848, 'Tugas Harian 1', 80, 201, 51),
(1849, 'Tugas Harian 1', 95, 201, 52),
(1850, 'Tugas Harian 1', 75, 201, 53),
(1851, 'Tugas Harian 1', 80, 201, 54),
(1852, 'Tugas Harian 1', 75, 201, 55),
(1853, 'Tugas Harian 1', 80, 201, 56),
(1854, 'Tugas Harian 1', 75, 201, 57),
(1855, 'Tugas Harian 1', 70, 201, 58),
(1856, 'Tugas Harian 1', 70, 201, 59),
(1857, 'Tugas Harian 1', 80, 201, 60),
(1858, 'Tugas Harian 1', 80, 201, 61),
(1859, 'Tugas Harian 1', 80, 201, 62),
(1860, 'Tugas Harian 1', 75, 201, 63),
(1861, 'Tugas Harian 1', 80, 205, 37),
(1862, 'Tugas Harian 1', 85, 205, 38),
(1863, 'Tugas Harian 1', 75, 205, 39),
(1864, 'Tugas Harian 1', 70, 205, 40),
(1865, 'Tugas Harian 1', 80, 205, 41),
(1866, 'Tugas Harian 1', 85, 205, 42),
(1867, 'Tugas Harian 1', 80, 205, 43),
(1868, 'Tugas Harian 1', 75, 205, 44),
(1869, 'Tugas Harian 1', 80, 205, 45),
(1870, 'Tugas Harian 1', 75, 205, 46),
(1871, 'Tugas Harian 1', 80, 205, 47),
(1872, 'Tugas Harian 1', 80, 205, 48),
(1873, 'Tugas Harian 1', 85, 205, 49),
(1874, 'Tugas Harian 1', 75, 205, 50),
(1875, 'Tugas Harian 1', 85, 205, 51),
(1876, 'Tugas Harian 1', 80, 205, 52),
(1877, 'Tugas Harian 1', 75, 205, 53),
(1878, 'Tugas Harian 1', 85, 205, 54),
(1879, 'Tugas Harian 1', 80, 205, 55),
(1880, 'Tugas Harian 1', 75, 205, 56),
(1881, 'Tugas Harian 1', 80, 205, 57),
(1882, 'Tugas Harian 1', 75, 205, 58),
(1883, 'Tugas Harian 1', 80, 205, 59),
(1884, 'Tugas Harian 1', 75, 205, 60),
(1885, 'Tugas Harian 1', 80, 205, 61),
(1886, 'Tugas Harian 1', 95, 205, 62),
(1887, 'Tugas Harian 1', 80, 205, 63),
(1888, 'Tugas Harian 1', 85, 207, 37),
(1889, 'Tugas Harian 1', 75, 207, 38),
(1890, 'Tugas Harian 1', 80, 207, 39),
(1891, 'Tugas Harian 1', 75, 207, 40),
(1892, 'Tugas Harian 1', 80, 207, 41),
(1893, 'Tugas Harian 1', 85, 207, 42),
(1894, 'Tugas Harian 1', 75, 207, 43),
(1895, 'Tugas Harian 1', 85, 207, 44),
(1896, 'Tugas Harian 1', 95, 207, 45),
(1897, 'Tugas Harian 1', 85, 207, 46),
(1898, 'Tugas Harian 1', 75, 207, 47),
(1899, 'Tugas Harian 1', 80, 207, 48),
(1900, 'Tugas Harian 1', 75, 207, 49),
(1901, 'Tugas Harian 1', 85, 207, 50),
(1902, 'Tugas Harian 1', 75, 207, 51),
(1903, 'Tugas Harian 1', 80, 207, 52),
(1904, 'Tugas Harian 1', 85, 207, 53),
(1905, 'Tugas Harian 1', 75, 207, 54),
(1906, 'Tugas Harian 1', 80, 207, 55),
(1907, 'Tugas Harian 1', 75, 207, 56),
(1908, 'Tugas Harian 1', 80, 207, 57),
(1909, 'Tugas Harian 1', 75, 207, 58),
(1910, 'Tugas Harian 1', 80, 207, 59),
(1911, 'Tugas Harian 1', 85, 207, 60),
(1912, 'Tugas Harian 1', 95, 207, 61),
(1913, 'Tugas Harian 1', 80, 207, 62),
(1914, 'Tugas Harian 1', 75, 207, 63),
(1915, 'Tugas Harian 1', 85, 209, 37),
(1916, 'Tugas Harian 1', 80, 209, 38),
(1917, 'Tugas Harian 1', 75, 209, 39),
(1918, 'Tugas Harian 1', 80, 209, 40),
(1919, 'Tugas Harian 1', 75, 209, 41),
(1920, 'Tugas Harian 1', 80, 209, 42),
(1921, 'Tugas Harian 1', 70, 209, 43),
(1922, 'Tugas Harian 1', 85, 209, 44),
(1923, 'Tugas Harian 1', 70, 209, 45),
(1924, 'Tugas Harian 1', 80, 209, 46),
(1925, 'Tugas Harian 1', 75, 209, 47),
(1926, 'Tugas Harian 1', 80, 209, 48),
(1927, 'Tugas Harian 1', 80, 209, 49),
(1928, 'Tugas Harian 1', 80, 209, 50),
(1929, 'Tugas Harian 1', 80, 209, 51),
(1930, 'Tugas Harian 1', 75, 209, 52),
(1931, 'Tugas Harian 1', 80, 209, 53),
(1932, 'Tugas Harian 1', 80, 209, 54),
(1933, 'Tugas Harian 1', 75, 209, 55),
(1934, 'Tugas Harian 1', 80, 209, 56),
(1935, 'Tugas Harian 1', 75, 209, 57),
(1936, 'Tugas Harian 1', 80, 209, 58),
(1937, 'Tugas Harian 1', 90, 209, 59),
(1938, 'Tugas Harian 1', 95, 209, 60),
(1939, 'Tugas Harian 1', 80, 209, 61),
(1940, 'Tugas Harian 1', 80, 209, 62),
(1941, 'Tugas Harian 1', 80, 209, 63),
(1942, 'Tugas Harian 1', 75, 211, 37),
(1943, 'Tugas Harian 1', 80, 211, 38),
(1944, 'Tugas Harian 1', 75, 211, 39),
(1945, 'Tugas Harian 1', 75, 211, 40),
(1946, 'Tugas Harian 1', 75, 211, 41),
(1947, 'Tugas Harian 1', 75, 211, 42),
(1948, 'Tugas Harian 1', 80, 211, 43),
(1949, 'Tugas Harian 1', 80, 211, 44),
(1950, 'Tugas Harian 1', 80, 211, 45),
(1951, 'Tugas Harian 1', 85, 211, 46),
(1952, 'Tugas Harian 1', 85, 211, 47),
(1953, 'Tugas Harian 1', 85, 211, 48),
(1954, 'Tugas Harian 1', 85, 211, 49),
(1955, 'Tugas Harian 1', 75, 211, 50),
(1956, 'Tugas Harian 1', 75, 211, 51),
(1957, 'Tugas Harian 1', 70, 211, 52),
(1958, 'Tugas Harian 1', 70, 211, 53),
(1959, 'Tugas Harian 1', 95, 211, 54),
(1960, 'Tugas Harian 1', 80, 211, 55),
(1961, 'Tugas Harian 1', 80, 211, 56),
(1962, 'Tugas Harian 1', 95, 211, 57),
(1963, 'Tugas Harian 1', 95, 211, 58),
(1964, 'Tugas Harian 1', 80, 211, 59),
(1965, 'Tugas Harian 1', 80, 211, 60),
(1966, 'Tugas Harian 1', 85, 211, 61),
(1967, 'Tugas Harian 1', 85, 211, 62),
(1968, 'Tugas Harian 1', 75, 211, 63),
(1969, 'Tugas Harian 1', 80, 206, 37),
(1970, 'Tugas Harian 1', 85, 206, 38),
(1971, 'Tugas Harian 1', 75, 206, 39),
(1972, 'Tugas Harian 1', 80, 206, 40),
(1973, 'Tugas Harian 1', 85, 206, 41),
(1974, 'Tugas Harian 1', 95, 206, 42),
(1975, 'Tugas Harian 1', 80, 206, 43),
(1976, 'Tugas Harian 1', 75, 206, 44),
(1977, 'Tugas Harian 1', 80, 206, 45),
(1978, 'Tugas Harian 1', 75, 206, 46),
(1979, 'Tugas Harian 1', 80, 206, 47),
(1980, 'Tugas Harian 1', 75, 206, 48),
(1981, 'Tugas Harian 1', 80, 206, 49),
(1982, 'Tugas Harian 1', 95, 206, 50),
(1983, 'Tugas Harian 1', 80, 206, 51),
(1984, 'Tugas Harian 1', 75, 206, 52),
(1985, 'Tugas Harian 1', 80, 206, 53),
(1986, 'Tugas Harian 1', 80, 206, 54);
INSERT INTO `tb_nilai` (`id_nilai`, `jenis`, `nilai`, `id_kd`, `id_datasiswa`) VALUES
(1987, 'Tugas Harian 1', 75, 206, 55),
(1988, 'Tugas Harian 1', 80, 206, 56),
(1989, 'Tugas Harian 1', 85, 206, 57),
(1990, 'Tugas Harian 1', 80, 206, 58),
(1991, 'Tugas Harian 1', 80, 206, 59),
(1992, 'Tugas Harian 1', 75, 206, 60),
(1993, 'Tugas Harian 1', 80, 206, 61),
(1994, 'Tugas Harian 1', 75, 206, 62),
(1995, 'Tugas Harian 1', 80, 206, 63),
(1996, 'Tugas Harian 1', 80, 208, 37),
(1997, 'Tugas Harian 1', 85, 208, 38),
(1998, 'Tugas Harian 1', 80, 208, 39),
(1999, 'Tugas Harian 1', 85, 208, 40),
(2000, 'Tugas Harian 1', 80, 208, 41),
(2001, 'Tugas Harian 1', 80, 208, 42),
(2002, 'Tugas Harian 1', 75, 208, 43),
(2003, 'Tugas Harian 1', 75, 208, 44),
(2004, 'Tugas Harian 1', 70, 208, 45),
(2005, 'Tugas Harian 1', 85, 208, 46),
(2006, 'Tugas Harian 1', 85, 208, 47),
(2007, 'Tugas Harian 1', 80, 208, 48),
(2008, 'Tugas Harian 1', 80, 208, 49),
(2009, 'Tugas Harian 1', 70, 208, 50),
(2010, 'Tugas Harian 1', 70, 208, 51),
(2011, 'Tugas Harian 1', 70, 208, 52),
(2012, 'Tugas Harian 1', 85, 208, 53),
(2013, 'Tugas Harian 1', 70, 208, 54),
(2014, 'Tugas Harian 1', 70, 208, 55),
(2015, 'Tugas Harian 1', 85, 208, 56),
(2016, 'Tugas Harian 1', 75, 208, 57),
(2017, 'Tugas Harian 1', 75, 208, 58),
(2018, 'Tugas Harian 1', 75, 208, 59),
(2019, 'Tugas Harian 1', 75, 208, 60),
(2020, 'Tugas Harian 1', 75, 208, 61),
(2021, 'Tugas Harian 1', 80, 208, 62),
(2022, 'Tugas Harian 1', 80, 208, 63),
(2023, 'Tugas Harian 1', 85, 210, 37),
(2024, 'Tugas Harian 1', 75, 210, 38),
(2025, 'Tugas Harian 1', 85, 210, 39),
(2026, 'Tugas Harian 1', 80, 210, 40),
(2027, 'Tugas Harian 1', 80, 210, 41),
(2028, 'Tugas Harian 1', 75, 210, 42),
(2029, 'Tugas Harian 1', 80, 210, 43),
(2030, 'Tugas Harian 1', 75, 210, 44),
(2031, 'Tugas Harian 1', 80, 210, 45),
(2032, 'Tugas Harian 1', 85, 210, 46),
(2033, 'Tugas Harian 1', 80, 210, 47),
(2034, 'Tugas Harian 1', 80, 210, 48),
(2035, 'Tugas Harian 1', 80, 210, 49),
(2036, 'Tugas Harian 1', 75, 210, 50),
(2037, 'Tugas Harian 1', 80, 210, 51),
(2038, 'Tugas Harian 1', 80, 210, 52),
(2039, 'Tugas Harian 1', 85, 210, 53),
(2040, 'Tugas Harian 1', 95, 210, 54),
(2041, 'Tugas Harian 1', 80, 210, 55),
(2042, 'Tugas Harian 1', 80, 210, 56),
(2043, 'Tugas Harian 1', 85, 210, 57),
(2044, 'Tugas Harian 1', 75, 210, 58),
(2045, 'Tugas Harian 1', 70, 210, 59),
(2046, 'Tugas Harian 1', 80, 210, 60),
(2047, 'Tugas Harian 1', 85, 210, 61),
(2048, 'Tugas Harian 1', 95, 210, 62),
(2049, 'Tugas Harian 1', 80, 210, 63),
(2050, 'Tugas Harian 1', 85, 212, 37),
(2051, 'Tugas Harian 1', 80, 212, 38),
(2052, 'Tugas Harian 1', 75, 212, 39),
(2053, 'Tugas Harian 1', 80, 212, 40),
(2054, 'Tugas Harian 1', 75, 212, 41),
(2055, 'Tugas Harian 1', 80, 212, 42),
(2056, 'Tugas Harian 1', 85, 212, 43),
(2057, 'Tugas Harian 1', 80, 212, 44),
(2058, 'Tugas Harian 1', 80, 212, 45),
(2059, 'Tugas Harian 1', 75, 212, 46),
(2060, 'Tugas Harian 1', 80, 212, 47),
(2061, 'Tugas Harian 1', 75, 212, 48),
(2062, 'Tugas Harian 1', 80, 212, 49),
(2063, 'Tugas Harian 1', 70, 212, 50),
(2064, 'Tugas Harian 1', 70, 212, 51),
(2065, 'Tugas Harian 1', 70, 212, 52),
(2066, 'Tugas Harian 1', 85, 212, 53),
(2067, 'Tugas Harian 1', 80, 212, 54),
(2068, 'Tugas Harian 1', 85, 212, 55),
(2069, 'Tugas Harian 1', 85, 212, 56),
(2070, 'Tugas Harian 1', 75, 212, 57),
(2071, 'Tugas Harian 1', 75, 212, 58),
(2072, 'Tugas Harian 1', 75, 212, 59),
(2073, 'Tugas Harian 1', 80, 212, 60),
(2074, 'Tugas Harian 1', 80, 212, 61),
(2075, 'Tugas Harian 1', 85, 212, 62),
(2076, 'Tugas Harian 1', 85, 212, 63),
(2077, 'Tugas Harian 1', 85, 577, 37),
(2078, 'Tugas Harian 1', 80, 577, 38),
(2079, 'Tugas Harian 1', 75, 577, 39),
(2080, 'Tugas Harian 1', 80, 577, 40),
(2081, 'Tugas Harian 1', 85, 577, 41),
(2082, 'Tugas Harian 1', 75, 577, 42),
(2083, 'Tugas Harian 1', 80, 577, 43),
(2084, 'Tugas Harian 1', 85, 577, 44),
(2085, 'Tugas Harian 1', 75, 577, 45),
(2086, 'Tugas Harian 1', 80, 577, 46),
(2087, 'Tugas Harian 1', 85, 577, 47),
(2088, 'Tugas Harian 1', 75, 577, 48),
(2089, 'Tugas Harian 1', 80, 577, 49),
(2090, 'Tugas Harian 1', 80, 577, 50),
(2091, 'Tugas Harian 1', 80, 577, 51),
(2092, 'Tugas Harian 1', 80, 577, 52),
(2093, 'Tugas Harian 1', 75, 577, 53),
(2094, 'Tugas Harian 1', 75, 577, 54),
(2095, 'Tugas Harian 1', 75, 577, 55),
(2096, 'Tugas Harian 1', 80, 577, 56),
(2097, 'Tugas Harian 1', 85, 577, 57),
(2098, 'Tugas Harian 1', 80, 577, 58),
(2099, 'Tugas Harian 1', 80, 577, 59),
(2100, 'Tugas Harian 1', 80, 577, 60),
(2101, 'Tugas Harian 1', 75, 577, 61),
(2102, 'Tugas Harian 1', 75, 577, 62),
(2103, 'Tugas Harian 1', 75, 577, 63),
(2104, 'Tugas Harian 1', 85, 579, 37),
(2105, 'Tugas Harian 1', 75, 579, 38),
(2106, 'Tugas Harian 1', 80, 579, 39),
(2107, 'Tugas Harian 1', 85, 579, 40),
(2108, 'Tugas Harian 1', 75, 579, 41),
(2109, 'Tugas Harian 1', 80, 579, 42),
(2110, 'Tugas Harian 1', 85, 579, 43),
(2111, 'Tugas Harian 1', 75, 579, 44),
(2112, 'Tugas Harian 1', 80, 579, 45),
(2113, 'Tugas Harian 1', 80, 579, 46),
(2114, 'Tugas Harian 1', 75, 579, 47),
(2115, 'Tugas Harian 1', 80, 579, 48),
(2116, 'Tugas Harian 1', 75, 579, 49),
(2117, 'Tugas Harian 1', 80, 579, 50),
(2118, 'Tugas Harian 1', 85, 579, 51),
(2119, 'Tugas Harian 1', 80, 579, 52),
(2120, 'Tugas Harian 1', 75, 579, 53),
(2121, 'Tugas Harian 1', 70, 579, 54),
(2122, 'Tugas Harian 1', 85, 579, 55),
(2123, 'Tugas Harian 1', 80, 579, 56),
(2124, 'Tugas Harian 1', 75, 579, 57),
(2125, 'Tugas Harian 1', 80, 579, 58),
(2126, 'Tugas Harian 1', 75, 579, 59),
(2127, 'Tugas Harian 1', 80, 579, 60),
(2128, 'Tugas Harian 1', 80, 579, 61),
(2129, 'Tugas Harian 1', 75, 579, 62),
(2130, 'Tugas Harian 1', 80, 579, 63),
(2131, 'Tugas Harian 1', 75, 581, 37),
(2132, 'Tugas Harian 1', 80, 581, 38),
(2133, 'Tugas Harian 1', 80, 581, 39),
(2134, 'Tugas Harian 1', 75, 581, 40),
(2135, 'Tugas Harian 1', 80, 581, 41),
(2136, 'Tugas Harian 1', 75, 581, 42),
(2137, 'Tugas Harian 1', 80, 581, 43),
(2138, 'Tugas Harian 1', 75, 581, 44),
(2139, 'Tugas Harian 1', 80, 581, 45),
(2140, 'Tugas Harian 1', 75, 581, 46),
(2141, 'Tugas Harian 1', 80, 581, 47),
(2142, 'Tugas Harian 1', 75, 581, 48),
(2143, 'Tugas Harian 1', 80, 581, 49),
(2144, 'Tugas Harian 1', 75, 581, 50),
(2145, 'Tugas Harian 1', 80, 581, 51),
(2146, 'Tugas Harian 1', 75, 581, 52),
(2147, 'Tugas Harian 1', 80, 581, 53),
(2148, 'Tugas Harian 1', 75, 581, 54),
(2149, 'Tugas Harian 1', 80, 581, 55),
(2150, 'Tugas Harian 1', 70, 581, 56),
(2151, 'Tugas Harian 1', 75, 581, 57),
(2152, 'Tugas Harian 1', 80, 581, 58),
(2153, 'Tugas Harian 1', 80, 581, 59),
(2154, 'Tugas Harian 1', 80, 581, 60),
(2155, 'Tugas Harian 1', 75, 581, 61),
(2156, 'Tugas Harian 1', 80, 581, 62),
(2157, 'Tugas Harian 1', 70, 581, 63),
(2158, 'Tugas Harian 1', 85, 576, 37),
(2159, 'Tugas Harian 1', 80, 576, 38),
(2160, 'Tugas Harian 1', 75, 576, 39),
(2161, 'Tugas Harian 1', 80, 576, 40),
(2162, 'Tugas Harian 1', 75, 576, 41),
(2163, 'Tugas Harian 1', 80, 576, 42),
(2164, 'Tugas Harian 1', 75, 576, 43),
(2165, 'Tugas Harian 1', 75, 576, 44),
(2166, 'Tugas Harian 1', 80, 576, 45),
(2167, 'Tugas Harian 1', 75, 576, 46),
(2168, 'Tugas Harian 1', 80, 576, 47),
(2169, 'Tugas Harian 1', 85, 576, 48),
(2170, 'Tugas Harian 1', 75, 576, 49),
(2171, 'Tugas Harian 1', 80, 576, 50),
(2172, 'Tugas Harian 1', 75, 576, 51),
(2173, 'Tugas Harian 1', 80, 576, 52),
(2174, 'Tugas Harian 1', 75, 576, 53),
(2175, 'Tugas Harian 1', 80, 576, 54),
(2176, 'Tugas Harian 1', 85, 576, 55),
(2177, 'Tugas Harian 1', 80, 576, 56),
(2178, 'Tugas Harian 1', 75, 576, 57),
(2179, 'Tugas Harian 1', 80, 576, 58),
(2180, 'Tugas Harian 1', 75, 576, 59),
(2181, 'Tugas Harian 1', 80, 576, 60),
(2182, 'Tugas Harian 1', 70, 576, 61),
(2183, 'Tugas Harian 1', 70, 576, 62),
(2184, 'Tugas Harian 1', 70, 576, 63),
(2185, 'Tugas Harian 1', 85, 578, 37),
(2186, 'Tugas Harian 1', 75, 578, 38),
(2187, 'Tugas Harian 1', 85, 578, 39),
(2188, 'Tugas Harian 1', 75, 578, 40),
(2189, 'Tugas Harian 1', 75, 578, 41),
(2190, 'Tugas Harian 1', 75, 578, 42),
(2191, 'Tugas Harian 1', 70, 578, 43),
(2192, 'Tugas Harian 1', 85, 578, 44),
(2193, 'Tugas Harian 1', 85, 578, 45),
(2194, 'Tugas Harian 1', 85, 578, 46),
(2195, 'Tugas Harian 1', 75, 578, 47),
(2196, 'Tugas Harian 1', 85, 578, 48),
(2197, 'Tugas Harian 1', 85, 578, 49),
(2198, 'Tugas Harian 1', 85, 578, 50),
(2199, 'Tugas Harian 1', 85, 578, 51),
(2200, 'Tugas Harian 1', 75, 578, 52),
(2201, 'Tugas Harian 1', 75, 578, 53),
(2202, 'Tugas Harian 1', 75, 578, 54),
(2203, 'Tugas Harian 1', 80, 578, 55),
(2204, 'Tugas Harian 1', 85, 578, 56),
(2205, 'Tugas Harian 1', 85, 578, 57),
(2206, 'Tugas Harian 1', 85, 578, 58),
(2207, 'Tugas Harian 1', 70, 578, 59),
(2208, 'Tugas Harian 1', 85, 578, 60),
(2209, 'Tugas Harian 1', 80, 578, 61),
(2210, 'Tugas Harian 1', 80, 578, 62),
(2211, 'Tugas Harian 1', 80, 578, 63),
(2212, 'Tugas Harian 1', 85, 580, 37),
(2213, 'Tugas Harian 1', 75, 580, 38),
(2214, 'Tugas Harian 1', 80, 580, 39),
(2215, 'Tugas Harian 1', 75, 580, 40),
(2216, 'Tugas Harian 1', 75, 580, 41),
(2217, 'Tugas Harian 1', 75, 580, 42),
(2218, 'Tugas Harian 1', 75, 580, 43),
(2219, 'Tugas Harian 1', 75, 580, 44),
(2220, 'Tugas Harian 1', 75, 580, 45),
(2221, 'Tugas Harian 1', 80, 580, 46),
(2222, 'Tugas Harian 1', 80, 580, 47),
(2223, 'Tugas Harian 1', 80, 580, 48),
(2224, 'Tugas Harian 1', 80, 580, 49),
(2225, 'Tugas Harian 1', 75, 580, 50),
(2226, 'Tugas Harian 1', 85, 580, 51),
(2227, 'Tugas Harian 1', 85, 580, 52),
(2228, 'Tugas Harian 1', 85, 580, 53),
(2229, 'Tugas Harian 1', 70, 580, 54),
(2230, 'Tugas Harian 1', 70, 580, 55),
(2231, 'Tugas Harian 1', 75, 580, 56),
(2232, 'Tugas Harian 1', 80, 580, 57),
(2233, 'Tugas Harian 1', 80, 580, 58),
(2234, 'Tugas Harian 1', 80, 580, 59),
(2235, 'Tugas Harian 1', 75, 580, 60),
(2236, 'Tugas Harian 1', 70, 580, 61),
(2237, 'Tugas Harian 1', 85, 580, 62),
(2238, 'Tugas Harian 1', 75, 580, 63),
(2239, 'Tugas Harian 1', 80, 582, 37),
(2240, 'Tugas Harian 1', 75, 582, 38),
(2241, 'Tugas Harian 1', 80, 582, 39),
(2242, 'Tugas Harian 1', 80, 582, 40),
(2243, 'Tugas Harian 1', 75, 582, 41),
(2244, 'Tugas Harian 1', 80, 582, 42),
(2245, 'Tugas Harian 1', 75, 582, 43),
(2246, 'Tugas Harian 1', 80, 582, 44),
(2247, 'Tugas Harian 1', 70, 582, 45),
(2248, 'Tugas Harian 1', 75, 582, 46),
(2249, 'Tugas Harian 1', 80, 582, 47),
(2250, 'Tugas Harian 1', 85, 582, 48),
(2251, 'Tugas Harian 1', 75, 582, 49),
(2252, 'Tugas Harian 1', 80, 582, 50),
(2253, 'Tugas Harian 1', 80, 582, 51),
(2254, 'Tugas Harian 1', 75, 582, 52),
(2255, 'Tugas Harian 1', 75, 582, 53),
(2256, 'Tugas Harian 1', 80, 582, 54),
(2257, 'Tugas Harian 1', 75, 582, 55),
(2258, 'Tugas Harian 1', 80, 582, 56),
(2259, 'Tugas Harian 1', 85, 582, 57),
(2260, 'Tugas Harian 1', 85, 582, 58),
(2261, 'Tugas Harian 1', 75, 582, 59),
(2262, 'Tugas Harian 1', 80, 582, 60),
(2263, 'Tugas Harian 1', 85, 582, 61),
(2264, 'Tugas Harian 1', 75, 582, 62),
(2265, 'Tugas Harian 1', 75, 582, 63),
(2293, 'Tugas Harian 1', 80, 585, 37),
(2294, 'Tugas Harian 1', 80, 585, 38),
(2295, 'Tugas Harian 1', 85, 585, 39),
(2296, 'Tugas Harian 1', 60, 585, 40),
(2297, 'Tugas Harian 1', 60, 585, 41),
(2298, 'Tugas Harian 1', 65, 585, 42),
(2299, 'Tugas Harian 1', 60, 585, 43),
(2300, 'Tugas Harian 1', 60, 585, 44),
(2301, 'Tugas Harian 1', 65, 585, 45),
(2302, 'Tugas Harian 1', 70, 585, 46),
(2303, 'Tugas Harian 1', 75, 585, 47),
(2304, 'Tugas Harian 1', 80, 585, 48),
(2305, 'Tugas Harian 1', 85, 585, 49),
(2306, 'Tugas Harian 1', 80, 585, 50),
(2307, 'Tugas Harian 1', 90, 585, 51),
(2308, 'Tugas Harian 1', 90, 585, 52),
(2309, 'Tugas Harian 1', 85, 585, 53),
(2310, 'Tugas Harian 1', 90, 585, 54),
(2311, 'Tugas Harian 1', 85, 585, 55),
(2312, 'Tugas Harian 1', 80, 585, 56),
(2313, 'Tugas Harian 1', 85, 585, 57),
(2314, 'Tugas Harian 1', 90, 585, 58),
(2315, 'Tugas Harian 1', 95, 585, 59),
(2316, 'Tugas Harian 1', 90, 585, 60),
(2317, 'Tugas Harian 1', 90, 585, 61),
(2318, 'Tugas Harian 1', 90, 585, 62),
(2319, 'Tugas Harian 1', 90, 585, 63),
(2320, 'Ulangan Harian 1', 80, 585, 37),
(2321, 'Ulangan Harian 1', 80, 585, 38),
(2322, 'Ulangan Harian 1', 85, 585, 39),
(2323, 'Ulangan Harian 1', 80, 585, 40),
(2324, 'Ulangan Harian 1', 85, 585, 41),
(2325, 'Ulangan Harian 1', 70, 585, 42),
(2326, 'Ulangan Harian 1', 75, 585, 43),
(2327, 'Ulangan Harian 1', 85, 585, 44),
(2328, 'Ulangan Harian 1', 80, 585, 45),
(2329, 'Ulangan Harian 1', 85, 585, 46),
(2330, 'Ulangan Harian 1', 80, 585, 47),
(2331, 'Ulangan Harian 1', 90, 585, 48),
(2332, 'Ulangan Harian 1', 85, 585, 49),
(2333, 'Ulangan Harian 1', 80, 585, 50),
(2334, 'Ulangan Harian 1', 85, 585, 51),
(2335, 'Ulangan Harian 1', 80, 585, 52),
(2336, 'Ulangan Harian 1', 85, 585, 53),
(2337, 'Ulangan Harian 1', 80, 585, 54),
(2338, 'Ulangan Harian 1', 75, 585, 55),
(2339, 'Ulangan Harian 1', 80, 585, 56),
(2340, 'Ulangan Harian 1', 85, 585, 57),
(2341, 'Ulangan Harian 1', 70, 585, 58),
(2342, 'Ulangan Harian 1', 75, 585, 59),
(2343, 'Ulangan Harian 1', 70, 585, 60),
(2344, 'Ulangan Harian 1', 80, 585, 61),
(2345, 'Ulangan Harian 1', 85, 585, 62),
(2346, 'Ulangan Harian 1', 80, 585, 63),
(2374, 'Tugas Harian 1', 70, 583, 37),
(2375, 'Tugas Harian 1', 85, 583, 38),
(2376, 'Tugas Harian 1', 80, 583, 39),
(2377, 'Tugas Harian 1', 90, 583, 40),
(2378, 'Tugas Harian 1', 95, 583, 41),
(2379, 'Tugas Harian 1', 85, 583, 42),
(2380, 'Tugas Harian 1', 80, 583, 43),
(2381, 'Tugas Harian 1', 95, 583, 44),
(2382, 'Tugas Harian 1', 80, 583, 45),
(2383, 'Tugas Harian 1', 90, 583, 46),
(2384, 'Tugas Harian 1', 90, 583, 47),
(2385, 'Tugas Harian 1', 85, 583, 48),
(2386, 'Tugas Harian 1', 80, 583, 49),
(2387, 'Tugas Harian 1', 80, 583, 50),
(2388, 'Tugas Harian 1', 80, 583, 51),
(2389, 'Tugas Harian 1', 85, 583, 52),
(2390, 'Tugas Harian 1', 85, 583, 53),
(2391, 'Tugas Harian 1', 80, 583, 54),
(2392, 'Tugas Harian 1', 95, 583, 55),
(2393, 'Tugas Harian 1', 85, 583, 56),
(2394, 'Tugas Harian 1', 90, 583, 57),
(2395, 'Tugas Harian 1', 90, 583, 58),
(2396, 'Tugas Harian 1', 85, 583, 59),
(2397, 'Tugas Harian 1', 70, 583, 60),
(2398, 'Tugas Harian 1', 75, 583, 61),
(2399, 'Tugas Harian 1', 80, 583, 62),
(2400, 'Tugas Harian 1', 85, 583, 63),
(2401, 'Ulangan Harian 1', 60, 575, 37),
(2402, 'Ulangan Harian 1', 60, 575, 38),
(2403, 'Ulangan Harian 1', 60, 575, 39),
(2404, 'Ulangan Harian 1', 65, 575, 40),
(2405, 'Ulangan Harian 1', 65, 575, 41),
(2406, 'Ulangan Harian 1', 65, 575, 42),
(2407, 'Ulangan Harian 1', 60, 575, 43),
(2408, 'Ulangan Harian 1', 65, 575, 44),
(2409, 'Ulangan Harian 1', 60, 575, 45),
(2410, 'Ulangan Harian 1', 60, 575, 46),
(2411, 'Ulangan Harian 1', 65, 575, 47),
(2412, 'Ulangan Harian 1', 85, 575, 48),
(2413, 'Ulangan Harian 1', 80, 575, 49),
(2414, 'Ulangan Harian 1', 65, 575, 50),
(2415, 'Ulangan Harian 1', 85, 575, 51),
(2416, 'Ulangan Harian 1', 80, 575, 52),
(2417, 'Ulangan Harian 1', 85, 575, 53),
(2418, 'Ulangan Harian 1', 65, 575, 54),
(2419, 'Ulangan Harian 1', 60, 575, 55),
(2420, 'Ulangan Harian 1', 65, 575, 56),
(2421, 'Ulangan Harian 1', 60, 575, 57),
(2422, 'Ulangan Harian 1', 60, 575, 58),
(2423, 'Ulangan Harian 1', 60, 575, 59),
(2424, 'Ulangan Harian 1', 60, 575, 60),
(2425, 'Ulangan Harian 1', 60, 575, 61),
(2426, 'Ulangan Harian 1', 60, 575, 62),
(2427, 'Ulangan Harian 1', 60, 575, 63),
(2428, 'Tugas Harian 1', 80, 583, 64),
(2429, 'Tugas Harian 1', 85, 583, 65),
(2430, 'Tugas Harian 1', 80, 583, 66),
(2431, 'Tugas Harian 1', 85, 583, 67),
(2432, 'Tugas Harian 1', 80, 583, 68),
(2433, 'Tugas Harian 1', 85, 583, 69),
(2434, 'Tugas Harian 1', 75, 583, 70),
(2435, 'Tugas Harian 1', 80, 583, 71),
(2436, 'Tugas Harian 1', 85, 583, 72),
(2437, 'Tugas Harian 1', 80, 583, 73),
(2438, 'Tugas Harian 1', 75, 583, 74),
(2439, 'Tugas Harian 1', 55, 583, 75),
(2440, 'Tugas Harian 1', 65, 583, 76),
(2441, 'Tugas Harian 1', 60, 583, 77),
(2442, 'Tugas Harian 1', 80, 583, 78),
(2443, 'Tugas Harian 1', 85, 583, 79),
(2444, 'Tugas Harian 1', 75, 583, 80),
(2445, 'Tugas Harian 1', 80, 583, 81),
(2446, 'Tugas Harian 1', 75, 583, 82),
(2447, 'Tugas Harian 1', 85, 583, 83),
(2448, 'Tugas Harian 1', 85, 583, 84),
(2449, 'Tugas Harian 1', 95, 583, 85),
(2450, 'Tugas Harian 1', 85, 583, 86),
(2451, 'Tugas Harian 1', 85, 583, 87),
(2452, 'Tugas Harian 1', 85, 583, 88),
(2453, 'Tugas Harian 1', 75, 583, 89);

-- --------------------------------------------------------

--
-- Table structure for table `tb_orangtua`
--

CREATE TABLE `tb_orangtua` (
  `id_orangtua` int(10) NOT NULL,
  `nama_ibu` varchar(100) NOT NULL,
  `pendidikan_ibu` varchar(50) NOT NULL,
  `pekerjaan_ibu` varchar(50) NOT NULL,
  `nama_ayah` varchar(100) NOT NULL,
  `pendidikan_ayah` varchar(50) NOT NULL,
  `pekerjaan_ayah` varchar(50) NOT NULL,
  `no_hp` varchar(15) NOT NULL,
  `id_alamat` int(10) DEFAULT NULL
) ENGINE=InnoDB DEFAULT CHARSET=latin1;

--
-- Dumping data for table `tb_orangtua`
--

INSERT INTO `tb_orangtua` (`id_orangtua`, `nama_ibu`, `pendidikan_ibu`, `pekerjaan_ibu`, `nama_ayah`, `pendidikan_ayah`, `pekerjaan_ayah`, `no_hp`, `id_alamat`) VALUES
(91, 'SUPRIYATIN', 'SMP / sederajat', 'Lainnya', 'SARDI', 'SMP / sederajat', 'Karyawan Swasta', '082112192770', 81),
(92, 'MUDIYEM', 'SMP / sederajat', 'Lainnya', 'SUMEDI', 'SMP / sederajat', 'Buruh', '085232116656', 82),
(93, 'Heruningsih', 'SMA / sederajat', 'Tidak bekerja', 'Subardi', 'SMA / sederajat', 'Buruh', '083145248127', 83),
(94, 'SARYATI', 'SMA / sederajat', 'Buruh', 'AKIT MARIYANTO', 'SMA / sederajat', 'Buruh', '085641869729', 84),
(95, 'APRILLIANITA', 'Tidak sekolah', 'Tidak bekerja', 'SUDARMAN', 'SMA / sederajat', '-', '081393514518', 85),
(96, 'WINARSIH', 'SMA / sederajat', 'Wiraswasta', 'DIN SUWAJI', 'SMA / sederajat', 'Wiraswasta', '085876075200', 86),
(97, 'WARYANI', 'SMP / sederajat', 'Lainnya', 'NUR MUHAMAD CAHYA WRD', 'SMP / sederajat', 'Buruh', '081227942907', 87),
(98, 'SAPTARIA NUR AINI', 'SMP / sederajat', 'Lainnya', 'EDI PURWANTO', 'SMP / sederajat', 'Karyawan Swasta', '089634056409', 88),
(99, 'APSARI NUR PRASETYANI', 'SMA / sederajat', 'Buruh', 'PARINDI', 'SMP / sederajat', 'Buruh', '089688054289', 89),
(100, 'ASTRI CAHYANINGRUM', 'SMP / sederajat', 'Lainnya', 'MARYONO', 'SMP / sederajat', 'Karyawan Swasta', '085743664010', 90),
(101, 'ETIK HANDAYANI', 'SMP / sederajat', 'Lainnya', 'TAUFIK HIDAYAT', 'D4', 'Wiraswasta', '082242345480', 91),
(102, 'SUBEKTI', 'SMA / sederajat', 'Lainnya', 'SUNARTO', 'SMA / sederajat', 'Karyawan Swasta', '08995425035', 92),
(103, 'Isna Mutamimatus Solihah', 'D3', 'PNS/TNI/Polri', 'Nur Edi Prabha Susila Yahya', 'S2', 'Wiraswasta', '085227644719', 93),
(104, '\"DIANA EKAWATI S.Sos', 'S1', 'Tidak bekerja', 'FIRDAUS AFFANDI S.TP', 'S1', 'Wiraswasta', '0895358671328', 94),
(105, 'RIANINGSIH', 'SMA / sederajat', 'Tidak bekerja', 'DWIYONO', 'SMA / sederajat', 'Wiraswasta', '08976897983', 95),
(106, 'NOVERINA DEVY KUMALADEWI', 'D1', 'Karyawan Swasta', 'GUSTAV IRLANGGA', 'SMA / sederajat', 'Karyawan Swasta', '085643910109', 96),
(107, 'SRI PURWANTI', 'SMP / sederajat', 'Lainnya', 'ARI HERYANTO', 'SMP / sederajat', 'Wiraswasta', '085727075997', 97),
(108, 'SARIYANTI', 'SMP / sederajat', 'Pedagang Kecil', 'SUGIYANTO', 'SD / sederajat', '-', '085943531692', 98),
(109, 'ANGGRAENIKENNASTITI', 'S1', 'Karyawan Swasta', 'DANANG SIGIT WAHYUDI', 'S1', 'Karyawan Swasta', '082241824150', 99),
(110, 'ANI SUPRIYATIN', 'SMA / sederajat', 'Tidak bekerja', 'WAHYU AGUNG PRIYANTO', 'SMA / sederajat', 'PNS/TNI/Polri', '087839526440', 100),
(111, 'MARIA ULFA', '-', 'Tidak bekerja', '-', '-', '-', '085764004394', 101),
(112, 'ISNIATI ROSIDAH SP', 'S1', 'Karyawan Swasta', 'YUDHI PRAMARDIYANTO', 'SMP / sederajat', 'Wiraswasta', '081225771453', 102),
(113, 'DEFE WINDI SEPTIKAWATI BAYU PUJI ASTUTI', 'SMA / sederajat', 'Wiraswasta', 'SUWARTO', 'SMP / sederajat', 'Buruh', '0895620617722', 103),
(114, 'EKA SUPARNIANINGSIH', 'SMA / sederajat', 'Karyawan Swasta', 'NUGROHO WIBOWO RAHARJO', 'SMA / sederajat', 'Karyawan Swasta', '085325959791', 104),
(115, 'INTAN KUSNULNINGTYAS', 'SMP / sederajat', 'Lainnya', 'SUHARYONO', 'SMP / sederajat', 'Wiraswasta', '089676071515', 105),
(116, 'FITRI PUJI ASTUTI', 'SMP / sederajat', 'Lainnya', 'PURNOMO', 'SMP / sederajat', 'Karyawan Swasta', '083824096848', 106),
(117, 'BADRIYAH', 'SMA / sederajat', 'Wirausaha', 'MARYONO', 'SMA / sederajat', 'Karyawan Swasta', '087839001741', 107),
(118, 'TITA APRIYANI', 'SMA / sederajat', 'Tidak bekerja', 'SUSANTO BUDI PRASETYO', 'SMA / sederajat', 'Karyawan Swasta', '089530259865', 108),
(119, 'TRI WAHYUNINGSIH', '-', 'Tidak bekerja', '-', '-', '-', '088227303872', 109),
(120, 'RARAS RINUKTI', 'SMP / sederajat', 'Lainnya', 'ROY ISKANDAR', 'SMP / sederajat', 'Karyawan Swasta', '089669167478', 110),
(121, 'NGATRIYANI', 'SMP / sederajat', 'Lainnya', 'SISWANTO', 'SMP / sederajat', 'Buruh', '085712069448', 111),
(122, 'CATUR WULANDARI', 'SMP / sederajat', 'Lainnya', 'YULI ANTORO', 'SMP / sederajat', 'Wiraswasta', '083869719459', 112),
(123, 'LIA KARTIKA SARI', 'SMA / sederajat', 'Buruh', 'RIAU KIRYAWAN', 'SMA / sederajat', 'Buruh', '089652528850', 113),
(124, 'DANIK LEVINAWATI', 'SMA / sederajat', 'Lainnya', 'MARONI', 'SMP / sederajat', 'Karyawan Swasta', '089652952285', 114),
(125, 'VIVI  SYAFRIYANTI', 'SMA / sederajat', 'Tidak bekerja', 'DIMAS  KUSKHOLIS', 'SMA / sederajat', 'Wiraswasta', '08993642299', 115),
(126, 'SOFIAH', 'SD / sederajat', 'Lainnya', 'PARIDI', 'SMP / sederajat', 'Karyawan Swasta', '081380427159', 116),
(127, 'RETNO SUMIRIH', 'SMA / sederajat', 'Wiraswasta', 'SAJAR BUDI', 'SMA / sederajat', 'Wiraswasta', '081328352007', 117),
(128, 'NINDA PARAMITA SARI', 'SMA / sederajat', 'Karyawan Swasta', 'TONTON PRIHANTONO', 'SMP / sederajat', 'Karyawan Swasta', '08998715754', 118),
(129, 'IVA AMIYATI', 'SMA / sederajat', 'Lainnya', 'MUHAMMAD AMRI MARUF.', 'SMP / sederajat', 'Karyawan Swasta', '085786744559', 119),
(130, 'Istiyarsih Kurniawati', 'SMA / sederajat', 'Karyawan Swasta', 'Heri Pujiantoro ', 'SMA / sederajat', 'Karyawan Swasta', '081329188882', 120),
(131, 'ITA ERNAWATI', 'SMA / sederajat', 'Tidak bekerja', 'KUSTIONO', 'SMA / sederajat', 'Karyawan Swasta', '089681687243', 121),
(132, 'ESTI PURWANNGSIH', 'SMA / sederajat', 'Tidak bekerja', 'YUTANTO KAREBET', 'SMA / sederajat', 'Karyawan Swasta', '08822109507', 122),
(133, 'AHSANUL FIKRIA SEPTIYANTI', 'SMA / sederajat', 'Tidak bekerja', 'RIFAN TRIANTO', 'SMP / sederajat', 'Karyawan Swasta', '085786762809', 123),
(134, 'YUMANAH', 'Tidak sekolah', 'Tidak bekerja', 'DARWIS SAMSURI', 'SMA / sederajat', 'Buruh', '085727507768', 124),
(135, 'ENDANG SRI TULISNINGSIH', 'SMA / sederajat', 'Tidak bekerja', 'SRIYANA', 'SMA / sederajat', 'Karyawan Swasta', '089668072688', 125),
(136, 'SARYANTI', 'S1', 'Tidak bekerja', 'SAMONO', 'SMP / sederajat', 'Buruh', '087739861964', 126),
(137, 'ROSA RENY YETY PURNAMA', 'SMA / sederajat', 'Lainnya', 'ARWAN SANTOSA', 'SMA / sederajat', 'Wiraswasta', '0895421959237', 127),
(138, 'SRI PURNAMI', 'D2', 'Karyawan Swasta', 'Dhany Asfanudin Anwar', 'S1', 'Wiraswasta', '085712018278', 128),
(139, 'LISA PUSPITASARI', '-', 'Tidak bekerja', '-', '-', '-', '085643968978', 129),
(140, 'Siti Khalimah', 'S1', 'Tidak bekerja', 'Dhona Tunggaul Wicakso', 'S1', 'Wiraswasta', '085878989511', 130),
(141, 'SUSANA', 'SMP / sederajat', 'Wiraswasta', 'BUDI SUSANTO', 'SMP / sederajat', 'Karyawan Swasta', '08990665734', 131),
(142, 'ANIS ASMOROWATI', 'SMP / sederajat', 'Lainnya', 'SUDIYANTO', 'SMP / sederajat', 'Wiraswasta', '085742450585', 132),
(143, 'BETTY SULISTIANI', 'SMA / sederajat', 'Karyawan Swasta', 'IMAM SYARONI', 'SMP / sederajat', 'Karyawan Swasta', '089508264839', 133),
(144, 'Eka Mudhalifah', 'SMA / sederajat', 'Tidak bekerja', 'Agus Sumarsono', 'SMA / sederajat', 'Karyawan Swasta', '089637480022', 134),
(145, 'RITA KURNIASIH\', S. E', 'S1', 'Karyawan Swasta', 'SANTOSO BUDI', 'D3', 'PNS/TNI/Polri', '089515203700', 135),
(146, 'LINDA CRISTIANI SIMA', 'SMP / sederajat', 'Tidak bekerja', 'EDY SULISTYANTO', 'SMA / sederajat', 'PNS/TNI/Polri', '082223809998', 136),
(147, 'NIKEN UTAMI', 'S1', 'Wiraswasta', 'HERY YUDIASTOMO', 'D3', 'Wiraswasta', '088802758479', 137),
(148, 'SITI RAHMIATUN', 'S1', 'Tidak bekerja', 'MARJONO SAPUTRO', 'SMA / sederajat', 'Buruh', '089662165590', 138),
(149, 'SUMARGUSTINI', 'SD / sederajat', 'Lainnya', 'NDOKO', 'SD / sederajat', 'Pedagang Kecil', '08985241803', 139),
(150, 'TRIMO PARYATI', 'SD / sederajat', 'Tidak bekerja', 'RATIMAN', 'SMA / sederajat', 'Karyawan Swasta', '081229259844', 140),
(151, 'Luluk Emi Uryanti', 'D3', 'PNS/TNI/Polri', 'Suharsono', 'D3', 'PNS/TNI/Polri', '087839903311', 141),
(152, 'FAJAR RIYANTI', 'SMA / sederajat', 'Tidak bekerja', 'SUDARMAJI', 'SMA / sederajat', 'Karyawan Swasta', '087745403713', 142),
(153, 'MIA SILVIA ANGGUN NOVITA', 'SMA / sederajat', 'Wiraswasta', 'HERDHIKA SASONGKO PAMBUDIYARTO', 'SMA / sederajat', 'Wiraswasta', '087838219494', 143),
(154, 'TRI UTAMI', 'SMA / sederajat', 'Lainnya', 'NUR HARTANTO', 'SMA / sederajat', 'Karyawan Swasta', '0859138904184', 144),
(155, 'SELIAWATI', 'S1', 'Tidak bekerja', 'TRI SETYO RAHARJO', 'S1', 'Wiraswasta', '085102688673', 145),
(156, 'SUSWANTI', 'SMA / sederajat', 'Buruh', 'SUHARNO', 'SMA / sederajat', 'Karyawan Swasta', '089505861987', 146),
(157, 'TITIK SUMARTINI', 'SMA / sederajat', 'Wiraswasta', 'CAHYONO SIGIT ABDULLAH', 'SMA / sederajat', 'Karyawan Swasta', '087820001211', 147),
(158, 'HERLIN ROKHAYATI', 'SMA / sederajat', 'Tidak bekerja', 'SUKIYATO', 'SMA / sederajat', 'Wiraswasta', '085799342248', 148),
(159, 'Ana Atika Wahyu Widowati', 'SMA / sederajat', 'Tidak bekerja', 'Edi Nugroho', 'SMA / sederajat', 'Wiraswasta', '081328259170', 149),
(160, 'ANNISA HASANAH', 'D3', 'Lainnya', 'HARYONO', 'SMA / sederajat', 'Karyawan Swasta', '085959154543', 150),
(161, 'SUKILAH', 'Putus SD', 'Karyawan Swasta', 'ISROI', 'SMP / sederajat', 'Karyawan Swasta', '0895379215905', 151),
(162, 'BUDI ISTI WIJAYANTI', 'D3', 'PNS/TNI/Polri', 'SUMARYANTO', 'SMA / sederajat', 'Wiraswasta', '08983685091', 152),
(163, 'IQNAUL MASFUFAH', 'SMA / sederajat', 'Tidak bekerja', 'RIWOLO', 'SMA / sederajat', 'Karyawan Swasta', '088806737230', 153),
(164, 'FAJAR MUSTIKA SARI', 'SMA / sederajat', 'Buruh', 'SIGIT MARZUKI ZAKARIA', 'SMA / sederajat', 'Buruh', '089644072567', 154),
(165, 'SITI USMIYATI', 'SD / sederajat', 'Tidak bekerja', 'SUYATMAN', 'SMA / sederajat', 'Karyawan Swasta', '081328281148', 155),
(166, 'Ratna Fitria Damayanti', 'SMA / sederajat', 'Lainnya', 'Nugroho', 'SD / sederajat', 'Wiraswasta', '085870060974', 156),
(167, 'SUPRAPTI', 'SMP / sederajat', 'Tidak bekerja', 'HARDI', 'SD / sederajat', 'Wiraswasta', '088232433743', 157),
(168, 'KAELIN', 'SMA / sederajat', 'Lainnya', 'RIDWAN KUSPRIHATIN', 'SMA / sederajat', 'Karyawan Swasta', '087843219466', 158),
(169, 'ERNA SRI REJEKISARI', '-', 'Wiraswasta', '-', '-', '-', '085327465366', 159),
(170, 'ISWANTI', 'SMP / sederajat', 'Tidak bekerja', 'RUBIYADI', 'SMP / sederajat', 'Karyawan Swasta', '087791248408', 160),
(171, 'Diah Pintarti', 'S1', 'Karyawan Swasta', 'Dwi Suharyanto', 'S1', 'PNS/TNI/Polri', '081392239800', 161),
(172, 'Lilik', 'S1', 'Karyawan Swasta', 'Nanang Sularso', 'SMA / sederajat', 'Karyawan Swasta', '085292071651', 162),
(173, 'NUNUNG HARYATI', '-', 'Tidak bekerja', '-', '-', '-', '081804061124', 163),
(174, 'SRI RAHAYU', 'S1', 'Karyawan Swasta', 'PRIYANTORO', 'SMA / sederajat', 'PNS/TNI/Polri', '081802735116', 164),
(175, 'PENI LESTARI', 'SMP / sederajat', 'Tidak bekerja', 'EKA WIBAWA', 'SMA / sederajat', 'Wiraswasta', '081802679067', 165),
(176, 'ROHMI NUR ALIFAH', 'SMP / sederajat', 'Lainnya', 'TRIYANTO', 'SMA / sederajat', 'Karyawan Swasta', '089519973242', 166),
(177, 'HARTINI', 'SMA / sederajat', 'Tidak bekerja', 'SUPRIADI', 'SMA / sederajat', 'Wiraswasta', '085878991117', 167),
(178, 'SRI LESTARI', 'SMA / sederajat', 'Tidak bekerja', 'HARJONO', 'SMA / sederajat', 'Buruh', '083159577231', 168),
(179, 'ROSIDA', 'SMP / sederajat', 'Tidak bekerja', 'BARTONO', 'SMP / sederajat', 'Buruh', '089509743060', 169),
(180, 'Tri Setyorini', 'SMA / sederajat', 'Tidak bekerja', 'Seno Setia Budi', 'SMA / sederajat', 'Karyawan Swasta', '087838415669', 170),
(181, 'SARIYANTI', '-', 'Tidak bekerja', 'WAHYUDI', '-', '-', '085943531692', 171),
(182, 'Sri Faridatun Rahayuningtyas', 'SMP / sederajat', 'Tidak bekerja', 'Sasminto Nugroho', 'SMP / sederajat', 'Buruh', '088216595092', 172),
(183, 'ARI SULISTIYANTI', 'SMA / sederajat', 'Tidak bekerja', 'JENDRO KALISNA', 'SMA / sederajat', 'Karyawan Swasta', '08995232810', 173),
(184, 'SUNDARI', 'SMA / sederajat', 'Sudah Meninggal', 'SUSANTO', 'SMA / sederajat', 'Buruh', '087738916015', 174),
(185, 'SRI LESTARI', 'SMA / sederajat', 'Lainnya', 'TEGUH PRIYONO', 'SMA / sederajat', 'Buruh', '08987070711', 175),
(186, 'Annisa Puspita', '-', 'Tidak bekerja', 'Sigit Panji Saputro', 'SMA / sederajat', 'Wiraswasta', '08985100501', 176),
(187, 'SUMARNI', 'SD / sederajat', 'Buruh', 'HARYANTO', 'SMA / sederajat', 'Buruh', '08979543678', 177),
(188, 'SITI ZUISTI', 'SMP / sederajat', 'Lainnya', 'ARIEP BUDI WIBOWO', 'SMP / sederajat', 'Buruh', '0', 178),
(189, 'SUPRIYATMI', 'SMP / sederajat', 'Tidak bekerja', 'AMBAR PRIHATIN', 'SMP / sederajat', 'Wiraswasta', '089652654226', 179),
(190, 'ERAWATI AGUSTINA', 'SMA / sederajat', 'Karyawan Swasta', 'EKO RUDIANTO', 'SMA / sederajat', 'Buruh', '0895414395605', 180),
(191, 'Anis Solikhah', 'S1', 'Karyawan Swasta', 'Imam Sumarlan', 'S1', 'Karyawan Swasta', '088216411611', 181),
(192, 'Sutilah', 'SMA / sederajat', 'Wiraswasta', 'Maryanto', 'SMA / sederajat', 'Wiraswasta', '089629674433', 182),
(193, 'DEVI OCVITARINI', 'D3', 'Tidak bekerja', 'BAMBANG SETIADI', 'S1', 'Karyawan Swasta', '081476602181', 183),
(194, 'ISNIATI ROSIDAH SP', 'S1', 'Tidak bekerja', 'YUDHI PRAMARDIYANTO', 'SMA / sederajat', 'Wiraswasta', '081567648963', 184),
(195, 'Heruningsih', 'SMA / sederajat', 'Tidak bekerja', 'Subardi', 'SMA / sederajat', 'Buruh', '083145248127', 185),
(196, 'NURI NUR CAHYANTI', 'SMA / sederajat', 'Tidak bekerja', 'KRISWANTO', 'SMA / sederajat', 'Karyawan Swasta', '08986696441', 186),
(197, 'Indri Wahyuni', 'SMA / sederajat', 'Wiraswasta', 'Heru Yulianto', 'SMA / sederajat', 'Karyawan Swasta', '081227957261', 187),
(198, 'SUMARJIEM', 'SMP / sederajat', 'Tidak bekerja', 'SUMARNO', 'SD / sederajat', 'Buruh', '089613907051', 188),
(199, 'MARGA SARI BUDI UTAMI', 'SMA / sederajat', 'Karyawan Swasta', 'MATIAS KURNIAWAN', 'SMA / sederajat', 'Karyawan Swasta', '082242814228', 189),
(200, 'Dewi Reknawangsi', 'S1', 'Tidak bekerja', 'Lilik Kiswanto', '-', 'Karyawan Swasta', '0895380144480', 190),
(201, 'SRI PURNAMI', 'D2', 'Karyawan Swasta', 'DHANY ASFANUDIN ANWAR', 'S1', 'Wiraswasta', '08571018278', 191),
(202, 'Puji Astuti', 'SMA / sederajat', 'Tidak bekerja', 'Abdul Salim', 'SMP / sederajat', 'Buruh', '081904728293', 192),
(203, 'Sulistiani', 'SMA / sederajat', 'Tidak bekerja', 'Fajar Fakhrudin', 'SMA / sederajat', 'Buruh', '081310304627', 193),
(204, 'ANI NUR KHASANAH', 'SMA / sederajat', 'Karyawan Swasta', 'RIO ASEP SUPRIYONO', 'SMA / sederajat', 'Buruh', '087878735175', 194),
(205, 'Suwarni', 'SMA / sederajat', 'Tidak bekerja', 'Rudianto', 'SMA / sederajat', 'Wiraswasta', '0895359010947', 195),
(206, 'Diana Siswanti', '-', 'Tidak bekerja', 'Ngadimun', 'SMA / sederajat', 'PNS/TNI/Polri', '081328203388', 196),
(207, 'Ira Marta Radite', 'D3', 'Tidak bekerja', 'Riasman Hardy', 'S1', 'Wiraswasta', '087739017597', 197),
(208, 'TRI LUMIYATI', 'S1', 'Tidak bekerja', 'PRIYANTO', 'SD / sederajat', 'Buruh', '0895362515363', 198),
(209, 'Ninien Kurniawati', 'S1', 'Wiraswasta', 'Moh Umar', 'SMA / sederajat', 'Wiraswasta', '089592803901', 199),
(210, 'Mirna Novilata', 'SMA / sederajat', 'Karyawan Swasta', 'Sugeng Riadi', 'SMP / sederajat', 'Buruh', '089654503144', 200),
(211, 'Novia Ristantri', 'SMP / sederajat', 'Karyawan Swasta', 'Sulardi', 'SD / sederajat', 'Karyawan Swasta', '089502803901', 201),
(212, 'NOVITA AKHIRYANTI', 'S1', 'Tidak bekerja', 'NOVIE SUJATMIKO', 'D3', 'Karyawan Swasta', '082243596450', 202),
(213, 'Salfi Indriawati', 'SMP / sederajat', 'Tidak bekerja', 'Dwianto Febriansyah', 'SMA / sederajat', 'Buruh', '08978805188', 203),
(214, 'LASMINI', 'SMA / sederajat', 'Buruh', '-', 'Tidak sekolah', '-', '085866518488', 204),
(215, 'Krismiatun', 'SMA / sederajat', 'Pedagang Kecil', 'Didik Dwi Rahmanto', 'SMA / sederajat', 'Karyawan Swasta', '082119328080', 205),
(216, 'Nenny Lestari', 'SMA / sederajat', 'Tidak bekerja', 'Ispambudi', 'SMA / sederajat', 'Buruh', '089528886388', 206),
(217, 'Barlin Yuwarinten', 'SMA / sederajat', 'Tidak bekerja', 'Aris Setiawan', 'SMA / sederajat', 'Karyawan Swasta', '08562865633', 207),
(218, 'MERISTA SUJARWO', 'SMA / sederajat', 'Karyawan Swasta', '-', 'Tidak sekolah', 'Tidak bekerja', '089666798408', 208),
(219, 'ANIK RISTIYANA', 'SMP / sederajat', 'Tidak bekerja', 'ARIYANTO', 'D3', 'Karyawan Swasta', '08543093034', 209),
(220, 'WARDANI TRI SETITI', 'SMA / sederajat', 'Tidak bekerja', 'SUGIYONO', 'SMA / sederajat', 'Karyawan Swasta', '08985494316', 210),
(221, 'INDRIATI', 'SMA / sederajat', 'Karyawan Swasta', 'ISROK', 'SMA / sederajat', 'Karyawan Swasta', '087738340182', 211),
(222, 'Widya Astuti', 'SMA / sederajat', 'Karyawan Swasta', 'Sugiarto', 'SMA / sederajat', 'Karyawan Swasta', '0895364201279', 212),
(223, 'FERIDA', 'SMA / sederajat', 'Karyawan Swasta', 'AGUS WIDAYADI', 'SMA / sederajat', 'Wiraswasta', '087839396319', 213),
(224, 'SULISTYA RAHAYU', 'SMA / sederajat', 'Karyawan Swasta', '-', 'Tidak sekolah', '-', '0895389744462', 214),
(225, 'ANIF SUMIYATI AHLI MADYA', 'D3', 'Tidak bekerja', 'JOKO WIJAYA AHLIMADYA', 'D3', 'Buruh', '085101841933', 215),
(226, 'AFIYANI', 'SD / sederajat', 'Tidak bekerja', 'SRIYADI', 'SD / sederajat', 'Buruh', '085641416840', 216),
(227, 'YUNIATI NINGSIH', 'SMA / sederajat', 'Tidak bekerja', 'MARWANTO', 'SMA / sederajat', 'PNS/TNI/Polri', '089620883824', 217),
(228, 'DESI RESTUNINGSIH', '-', 'Karyawan Swasta', 'AGUS YOGASMANA', 'SMA / sederajat', 'Karyawan Swasta', '081615524807', 218),
(229, 'ERNA ENDRAYANI', 'SMA / sederajat', 'Tidak bekerja', 'SUPARDIYANTO', 'SMA / sederajat', 'Karyawan Swasta', '089668879646', 219),
(230, 'SUPRIYATIN', 'SMA / sederajat', 'Tidak bekerja', 'SARDI', 'SMA / sederajat', 'Karyawan Swasta', '082112192770', 220),
(231, 'FITRI PUJI ASTUTI', 'SMA / sederajat', 'Karyawan Swasta', 'PURNOMO', 'SMP / sederajat', 'Karyawan Swasta', '083824096848', 221),
(232, 'GIARMI', 'SMA / sederajat', 'Tidak bekerja', 'AGUNG SUWARTANA', 'SMA / sederajat', 'Karyawan Swasta', '0895391150383', 222),
(233, 'MAROTIN INAYATI', 'S1', 'Karyawan Swasta', 'ARYO PANDJI', 'S1', 'Karyawan Swasta', '082243800707', 223),
(234, 'DEFE WINDI SEFTIKAWATI BAYU PUJIASTUTI', 'SMA / sederajat', 'Tidak bekerja', 'SUWARTO', 'SMP / sederajat', 'Buruh', '0895620617722', 224),
(235, 'ARIYANTI', 'SMA / sederajat', 'Karyawan Swasta', 'HERU NURHADI PRIYONO', 'SMA / sederajat', 'Wirausaha', '089527130510', 225),
(236, 'SOFIAH', 'SD / sederajat', 'Tidak bekerja', 'PARIDI', 'SMP / sederajat', 'Buruh', '081380427159', 226),
(237, 'TRI ASTUTI', 'SMA / sederajat', 'Tidak bekerja', 'DEDY YUWONO', 'SMA / sederajat', 'PNS/TNI/Polri', '081229201798', 227),
(238, 'ANININGSIH', 'SMA / sederajat', 'Buruh', 'ADIYANTO ASRI WIBOWO', 'SMA / sederajat', 'Karyawan Swasta', '0895639520104', 228),
(239, 'BADRIYAH', 'SMA / sederajat', 'Tidak bekerja', 'MARYONO', 'SMA / sederajat', 'Karyawan Swasta', '081391113522', 229),
(240, 'BUDININGSIH', 'SMP / sederajat', 'Tidak bekerja', 'EKO PURWANTO', 'SMP / sederajat', 'Karyawan Swasta', '08983681268', 230),
(241, 'LILIS ELIYATI', 'S1', 'Tidak bekerja', 'YANUAR PUTRANTO', 'S1', 'Karyawan Swasta', '081227425767', 231),
(242, 'SUKINEM', 'SMP / sederajat', 'Tidak bekerja', 'SUMARDI', 'SMA / sederajat', 'Buruh', '088239282553', 232),
(243, 'SUMARSILAH', 'SMA / sederajat', 'Karyawan Swasta', 'SURONO', 'SMA / sederajat', 'Karyawan Swasta', '08895391206937', 233),
(244, 'ESEM NURHAYATI', 'SD / sederajat', 'Buruh', 'WINANTO', 'SMA / sederajat', 'Karyawan Swasta', '081215514884', 234),
(245, 'WENTI NUR ANISA', 'D1', 'Tidak bekerja', 'DJAROT SETYO NUGROHO', 'D1', 'Karyawan Swasta', '0895422305560', 235),
(246, 'SUGINEM', 'SMA / sederajat', 'Tidak bekerja', 'SLAMET SODIKIN', 'SMA / sederajat', 'Buruh', '085799950534', 236),
(247, 'MARSINI', 'SMP / sederajat', 'Tidak bekerja', 'TEGUH PRIYADI', 'SMP / sederajat', 'Buruh', '087839167560', 237),
(248, 'DWI NURYANTI', 'S1', 'Tidak bekerja', 'WIDIYANTO', 'SMA / sederajat', 'Karyawan Swasta', '085801991546', 238),
(249, 'TRI HANDAYANI', 'SMA / sederajat', 'Tidak bekerja', 'RUSDIYONO', 'SMP / sederajat', 'Karyawan Swasta', '082241927141', 239),
(250, 'TANTRI WIJAYANTI', 'S1', 'Tidak bekerja', 'SAPTO NUGROHO', 'SMA / sederajat', 'Wiraswasta', '088221181568', 240),
(251, 'ATIK RATNAWATI', 'SMA / sederajat', 'Tidak bekerja', 'SURANTO', 'SMA / sederajat', 'Wiraswasta', '08993408504', 241),
(252, 'SRI MULYANI', 'SMA / sederajat', 'Tidak bekerja', 'JOJO WARDIYONO', 'SMA / sederajat', 'Wiraswasta', '083877372979', 242),
(253, 'PARYANI', 'SMP / sederajat', 'Pedagang Kecil', 'SLAMET ROMADON', 'SD / sederajat', '-', '081228964632', 243),
(254, 'LULUK EMI URYANTI', 'D3', 'PNS/TNI/Polri', 'SUHARSONO', 'D3', 'PNS/TNI/Polri', '087839903311', 244),
(255, 'SUMIRAH', 'SMA / sederajat', 'Tidak bekerja', 'YULIANTO', 'SMA / sederajat', 'Wiraswasta', '0818277015', 245),
(257, 'SALFI INDRIAWATI', 'SMA / sederajat', 'Tidak bekerja', 'DWIANTO PEBRIANSYAH', 'SMA / sederajat', 'Buruh', '08978805188', 247),
(258, 'SUYATNI', 'S1', 'Tidak bekerja', 'FATCHURRAHMAN FIRDAUS', 'S1', 'Karyawan Swasta', '081772871771', 248),
(259, 'DWI ASTUTININGSIH', 'SMA / sederajat', 'Buruh', 'DEPIN HERIYANTO', 'SMA / sederajat', 'Karyawan Swasta', '081931781556', 249),
(260, 'FAHMIANI FITRIA ANZALA', 'SMA / sederajat', 'Tidak bekerja', 'ARIF PIYANI', 'SMP / sederajat', 'Buruh', '081229851210', 250),
(261, 'DWI RATNAWATI ARTININGSIH', 'D2', 'Tidak bekerja', 'RATNO SUBAGYO', 'SMA / sederajat', 'Pedagang Kecil', '087839635158', 251),
(262, 'SRI PURWANTI', 'SMA / sederajat', 'Tidak bekerja', 'ARI HERYANTO', 'SMA / sederajat', 'Karyawan Swasta', '085727075997', 252),
(263, 'WARYANI', 'SMA / sederajat', 'Tidak bekerja', 'NUR MUHAMAD CAHYA WRD', 'SMA / sederajat', 'Wiraswasta', '081227942907', 253),
(264, 'SRI NINGSIH', 'SMA / sederajat', 'Karyawan Swasta', 'BAMBANG BAGUS EDI SURAHMAN', 'SMA / sederajat', 'Wiraswasta', '08122778717', 254),
(265, 'YUNITA RAHMAWATI', 'SMA / sederajat', 'Tidak bekerja', 'ASRIANSYAH', 'D3', 'Wiraswasta', '082135524554', 255),
(266, 'SUHARNI', 'SMA / sederajat', 'Buruh', 'SUWANDI', '-', 'Sudah Meninggal', '083104298889', 256),
(267, 'SUATMI', 'SD / sederajat', 'Pedagang Kecil', 'SUTRISNO', 'SMP / sederajat', 'Wiraswasta', '082328020841', 257),
(268, 'TITIN SUMARNI', 'SMA / sederajat', 'Buruh', 'SUWAIBAN SLAMET', '-', 'Sudah Meninggal', '08995891714', 258),
(269, 'WURBININGSIH', 'SMA / sederajat', 'Karyawan Swasta', 'SARYANTO', 'SMA / sederajat', 'Karyawan Swasta', '081382463181', 259),
(270, 'SRI SUVIATI', 'SMA / sederajat', 'Lainnya', 'ISWANTO', 'SMA / sederajat', 'Sudah Meninggal', '087838178498', 260),
(271, 'ANITA FITRIANI RAHMAH', 'D3', 'Tidak bekerja', 'SUHARYANTO', 'SMA / sederajat', 'Wiraswasta', '081568417050', 261),
(272, 'Siska Wulandari', 'S1', 'PNS/TNI/Polri', 'Roby Saputra', 'S1', 'PNS/TNI/Polri', '081263301709', 262),
(273, 'TRI SAKTI SETIYO PRATIWI', 'SMA / sederajat', 'Tidak bekerja', 'WAKHID ARIFIN WIBOWO', 'SMA / sederajat', 'Karyawan Swasta', '081578557491', 263),
(274, 'Tutik Ratnaningsih', 'SMA / sederajat', 'Tidak bekerja', 'Warindi', 'SMA / sederajat', 'PNS/TNI/Polri', '085600234539', 264),
(275, 'SUPRAPTIYAH', 'SMP / sederajat', 'Karyawan Swasta', 'BUDI SANTOSA', 'SMA / sederajat', 'Karyawan Swasta', '087738454406', 265),
(276, 'SULISTIANI', 'SMA / sederajat', 'Tidak bekerja', 'FAJAR FAKHRUDIN', 'SMP / sederajat', 'Wiraswasta', '085328777363', 266),
(277, 'ARIF YUSIDA', 'S1', 'Tidak bekerja', 'MARYONO', 'SMA / sederajat', 'Wiraswasta', '081804050737', 267),
(278, 'ERNA SRI REJEKISARI', 'D3', 'Karyawan Swasta', 'M.SALIM SAMSUDIN', 'SMA / sederajat', 'Karyawan Swasta', '082326100035', 268),
(279, 'INDRI WAHYUNI', 'SMA / sederajat', 'Wiraswasta', 'HERU YULIANTO', 'SMA / sederajat', 'Wiraswasta', '081227957261', 269),
(280, 'SUPRIHATIN', 'SD / sederajat', 'Tidak bekerja', 'SLAMET WIDODO', 'SMP / sederajat', 'Buruh', '085743656911', 270),
(281, 'Wariyah', 'SMP / sederajat', 'Tidak bekerja', 'Warikin', 'SMA / sederajat', 'Buruh', '083820850356', 271),
(282, 'RIBUT INDRI LESTARI', 'SMA / sederajat', 'Tidak bekerja', 'CICIK RIYA DIANTO', 'SMA / sederajat', 'Buruh', '089509743800', 272),
(283, 'MARDIYYAH TAJUN SIMANJUNTAK', 'SMA / sederajat', 'Wirausaha', 'HERUTOMO', 'SMA / sederajat', 'Wirausaha', '081290953080', 273),
(284, 'SUHARTATI', 'SMA / sederajat', 'Karyawan Swasta', 'NUR HADI SANTOSO', 'SMA / sederajat', 'Karyawan Swasta', '082226749797', 274),
(285, 'HENRY HARYANTI', 'SMA / sederajat', 'Lainnya', 'SAMSUL ARIFIN', 'SMA / sederajat', 'Wiraswasta', '085771728284', 275),
(286, 'TITA APRIYANI', 'SMA / sederajat', 'Karyawan Swasta', 'SUSANTO BUDI PRASETYO', 'SMA / sederajat', 'Karyawan Swasta', '085742241715', 276),
(287, 'VITRI KRISTANTI', 'SMA / sederajat', 'Karyawan Swasta', 'SUMARSONO', 'SMA / sederajat', 'Tidak bekerja', '081578229447', 277),
(288, 'SUMARNI', '-', 'Buruh', 'BUSTAMI', '-', '-', '085325982465', 278),
(289, 'KASMIYATI', 'SMA / sederajat', 'Sudah Meninggal', 'DIDIK SANTOSA', 'SMA / sederajat', 'Buruh', '088298034374', 279),
(290, 'MUSRINGAH', 'SMP / sederajat', 'Karyawan Swasta', 'AGUS SETIYADI', 'SMA / sederajat', 'Karyawan Swasta', '0895423489713', 280),
(291, 'AKHIRIAWATI', 'SMA / sederajat', 'Tidak bekerja', 'HERU TRIHATMOKO', 'SMA / sederajat', 'Karyawan Swasta', '087738370404', 281),
(292, 'EKA MUDHALIFAH', 'SMA / sederajat', 'Tidak bekerja', 'AGUS SUMARSONO', 'SMA / sederajat', 'Karyawan Swasta', '089637480022', 282),
(293, 'TITIK TUHANAH', 'SMA / sederajat', 'Lainnya', 'SARNO EKO PURNOMO', 'SMA / sederajat', 'Buruh', '088806273732', 283),
(294, 'FATIMATU ZAHRO', 'S1', 'Tidak bekerja', 'IRIN HIDAYAT', 'S1', 'Karyawan Swasta', '08979591850', 284),
(295, 'NOFIYANTI', '-', 'Tidak bekerja', 'SUTIKNO', 'SMP / sederajat', 'Buruh', '08998985570', 285),
(296, 'HENI KUSWANDARI', 'SMA / sederajat', 'Lainnya', 'TRIANTO', 'SMA / sederajat', 'Karyawan Swasta', '085747222616', 286),
(297, 'MULYANI', 'SMA / sederajat', 'Tidak bekerja', 'SUWANDO AGUS SANTOSO', 'SMA / sederajat', 'Karyawan Swasta', '081328012921', 287),
(298, 'EKO WIJIYARTI', 'SMA / sederajat', 'Pedagang Besar', 'SUPARWANTO', 'SMA / sederajat', 'Wiraswasta', '081391652488', 288),
(299, 'HERLIN ROKHAYATI', 'SMA / sederajat', 'Tidak bekerja', 'SUKIYATO', 'SMA / sederajat', 'Wiraswasta', '085799342248', 289),
(300, 'AYU TYAS DYAH UTAMI', 'SMP / sederajat', 'Wirausaha', 'ERWIN FADILLAH', 'SMP / sederajat', 'Wirausaha', '082227528881', 290),
(301, 'RIZTY NOORANISYA', 'SMP / sederajat', 'Karyawan Swasta', 'ALI MUCHLIKA SUBAGYA', 'SMP / sederajat', 'Karyawan Swasta', '089607778280', 291),
(302, 'SRI PURWANTI', 'SMP / sederajat', 'Lainnya', 'SUDADI', 'SD / sederajat', 'Buruh', '0895378208220', 292),
(303, 'PONIATI', 'SD / sederajat', 'Tidak bekerja', 'YUNARTO', 'SMA / sederajat', 'Buruh', '0895601984447', 293),
(304, 'NINIEN KURNIAWATI', 'SMA / sederajat', 'Tidak bekerja', 'MOH UMAR', 'SMA / sederajat', 'Wiraswasta', '089502803901', 294),
(305, 'CHANDRA ANGGRAENI', 'SMA / sederajat', 'Tidak bekerja', 'WIWI PRABOWO', 'SMA / sederajat', 'Wiraswasta', '081289997750', 295),
(306, 'Leni Ambarwati', 'SMA / sederajat', 'Tidak bekerja', 'Wisnu Nugroho', 'SMA / sederajat', 'PNS/TNI/Polri', '082136038706', 296),
(307, 'RIRIN IKA PRAMITA SARI', 'SMP / sederajat', 'Wiraswasta', 'MUTHOYIB', 'SD / sederajat', 'Wiraswasta', '0895363113613', 297),
(308, 'MURWANSIH', 'SMA / sederajat', 'Lainnya', 'GOLAR ISHANTOERO', 'SMA / sederajat', 'Karyawan Swasta', '083840536436', 298),
(309, 'PURI ARYANI', '-', 'Wiraswasta', 'HERI SULISTIONO', '-', 'Wiraswasta', '088233099938', 299),
(310, 'MUKINI', 'SMA / sederajat', 'Tidak bekerja', 'RIYANTO PRASETYANA', 'SMA / sederajat', 'Karyawan Swasta', '085727081353', 300),
(311, 'YUSTIKA GILANG MAHARANI', 'SMA / sederajat', 'Tidak bekerja', 'ELIAS ARIOTOMO', 'SMA / sederajat', 'PNS/TNI/Polri', '085601191525', 301),
(312, 'MARJIYANTI', 'SMA / sederajat', 'Tidak bekerja', 'RUDI GUSMAN', 'SMA / sederajat', 'Karyawan Swasta', '087888964055', 302),
(313, 'Sulistiani', 'SMA / sederajat', 'Tidak bekerja', 'Fajar Fakhrudin', 'SMP / sederajat', 'Buruh', '085328777363', 303),
(314, 'SRI ERMAYANTI', 'SMP / sederajat', 'Lainnya', 'ANANG SUWARTO', 'SMP / sederajat', 'Buruh', '089527125241', 304),
(315, 'ARY PUSPITASARY', 'SMA / sederajat', 'Tidak bekerja', 'YUDHI KARMANA', 'SMA / sederajat', 'Wiraswasta', '081327777001', 305),
(316, 'BRIGITTA PETRASARI NUGRAHANINGSIH SPD', 'S1', 'Tidak bekerja', 'DIDIK ARIFIN', 'SMA / sederajat', 'Karyawan Swasta', '082243331224', 306),
(317, 'WAGINI', 'SMP / sederajat', 'Tidak bekerja', 'KOMARI', 'SMA / sederajat', 'Karyawan Swasta', '085743209196', 307),
(318, 'ATIK RATNAWATI', '-', 'Tidak bekerja', '-', '-', '-', ' 08993408504', 308),
(319, 'ERNI LESTARI', 'S1', 'Wirausaha', 'HIDAYAT KURNIAWAN', 'D3', 'Karyawan Swasta', '081281207589', 309),
(320, 'Sri Rahayu', 'SMA / sederajat', 'Tidak bekerja', 'Agus Santoso', 'SMA / sederajat', 'Pedagang Kecil', '085883630068', 310),
(321, 'DWI WAHYUNI', 'SMA / sederajat', 'Buruh', 'HANAFI ROSIDI', 'SMA / sederajat', 'Buruh', '0895413527790', 311),
(322, 'SIAM MANDASARI', 'D3', 'Tidak bekerja', 'ARI WIBOWO', 'SMP / sederajat', 'Karyawan Swasta', '088213247576', 312),
(323, 'IKA WIDARYATI', 'SMP / sederajat', 'Tidak bekerja', 'SAPTO HARIYONO', 'SMP / sederajat', 'Wiraswasta', '082322672544', 313),
(324, 'VENI  NURCAHYANI', 'SMP / sederajat', 'Buruh', 'DWI  ARIYANTO', 'SMP / sederajat', 'Wiraswasta', '085328912228', 314),
(325, 'DYAH AYU KUSUMANINGRUM', 'S1', 'Tidak bekerja', 'IDRIS IHWANUDIN', 'S1', 'Karyawan Swasta', '083840529008', 315),
(326, 'ENDRI YANI', 'SMP / sederajat', 'Tidak bekerja', 'SUDARTO', 'SMA / sederajat', 'Karyawan Swasta', '083830334076', 316),
(327, 'RATI TELASIH', 'SMA / sederajat', 'Karyawan Swasta', 'FARIZ TYAN ISKANDAR', 'SMA / sederajat', 'Tidak bekerja', '081238880670', 317),
(328, 'Rosalinda', 'D1', 'Tidak bekerja', 'Imam Fahrurrozi', 'SMA / sederajat', 'Karyawan Swasta', ' 08562550178', 318),
(329, 'NUR SAFUROH', 'SMA / sederajat', 'Tidak bekerja', 'EDY SUSANTO', 'SMA / sederajat', 'Karyawan Swasta', '088980571604', 319),
(330, 'PURNA RIYANTI', 'SMA / sederajat', 'Tidak bekerja', 'BACHRUDIN JAMAL', 'SMA / sederajat', 'Karyawan Swasta', '081343718402', 320),
(331, 'WARDANI', 'SMA / sederajat', 'Lainnya', 'ACHMAD HAKIM FUADI', 'SMA / sederajat', 'Wiraswasta', '085228988376', 321),
(332, 'PARSUNI', 'SMA / sederajat', 'Lainnya', 'TRI HARTANTO', 'SD / sederajat', 'Buruh', '0895418580802', 322),
(333, 'Andri Aningsih', 'SMA / sederajat', 'Tidak bekerja', 'Tega Untara', 'SMP / sederajat', 'Buruh', '089631585616', 323),
(334, 'SAYEKTI WAHYUNI', 'SMA / sederajat', 'Tidak bekerja', 'DANA SUSANTO', 'SMA / sederajat', 'Karyawan Swasta', '08993474060', 324),
(335, 'MARDJANI', 'SMA / sederajat', 'Tidak bekerja', 'SUBARDI', 'SMP / sederajat', 'Karyawan Swasta', '081804288475', 325),
(336, 'HESTI ANA', 'SMP / sederajat', 'Lainnya', 'EKO WANTORO', 'SMA / sederajat', 'Buruh', '08994101497', 326),
(337, 'DEWIYANA', 'SMA / sederajat', 'Tidak bekerja', 'INDRO PURNOMO', 'SMA / sederajat', 'PNS/TNI/Polri', '081334963035', 327),
(338, 'RATMI', 'SD / sederajat', 'Buruh', 'JUMARI', 'SMA / sederajat', 'Buruh', '089652565186', 328),
(339, 'SUYANTI', 'SD / sederajat', 'Buruh', 'PONIRAN', 'SD / sederajat', 'Buruh', '083154583068', 329),
(340, 'SISWI ARTININGSIH', 'S1', 'Karyawan Swasta', 'ALM HERU WAHYUDI', 'S1', 'Sudah Meninggal', '081213954245', 330),
(341, 'Luluk Emi Uryanti', 'D3', 'PNS/TNI/Polri', 'Suharsono', 'D3', 'PNS/TNI/Polri', '087839903311', 331),
(342, 'SUWAINTEN', 'SMA / sederajat', 'Karyawan Swasta', 'NURHADI', 'SMA / sederajat', 'Karyawan Swasta', '085747336183', 332),
(343, 'WIDAYANTI', 'SMP / sederajat', 'Lainnya', 'RAHMAD SUDARTO', 'SMA / sederajat', 'Karyawan Swasta', '081903471239', 333),
(344, 'PARINI', 'SD / sederajat', 'Lainnya', 'SUTRISNO', 'SD / sederajat', 'Buruh', '089652386714', 334),
(345, 'SARJIYATI', 'SMP / sederajat', 'Tidak bekerja', 'SAHRONI', 'SMP / sederajat', 'Buruh', '089673309790', 335),
(346, 'Erlina Yuli Kurniawati', 'SMA / sederajat', 'Tidak bekerja', 'Nunung Agung Saputra', 'SMA / sederajat', 'Karyawan Swasta', '085803386183', 336),
(347, 'JUMIYANTI', 'SMA / sederajat', 'Tidak bekerja', 'RAJIYO', 'SMP / sederajat', 'Buruh', '083840369120', 337),
(348, 'Nenny Lestari', 'SMA / sederajat', 'Tidak bekerja', 'Ispambudi', 'SMA / sederajat', 'Buruh', '089528886388', 338),
(349, 'Veronika Yulianingsih', 'SMA / sederajat', 'Tidak bekerja', 'Priyo Handoko', 'SMA / sederajat', 'Karyawan Swasta', '089523569944', 339),
(350, 'SULISTYANI', 'SMA / sederajat', 'Karyawan Swasta', 'SIRRAHTURAHMAN KOTO ONO', 'SMA / sederajat', 'Karyawan Swasta', '081802298585', 340),
(351, 'SARJIYEM', 'SMA / sederajat', 'Tidak bekerja', 'WIJADMADI', 'Tidak sekolah', 'Wirausaha', '082135288596', 341),
(352, 'Tyas Norjannah Roslin', 'SMA / sederajat', 'Karyawan Swasta', 'Nikho Herbawono', 'SMA / sederajat', 'Karyawan Swasta', '081392402969', 342),
(353, 'RETNO INDRASARI', 'Tidak sekolah', 'Lainnya', 'ANGGORO AGUS NURCAHYO', 'Tidak sekolah', '-', '087749553540', 343),
(354, 'ENI VINDAH YUNANGSIH', 'SMA / sederajat', 'Tidak bekerja', 'YULIANTO', 'SMA / sederajat', 'Karyawan Swasta', '085101858781', 344),
(355, 'Denok Nafingatun', 'SMA / sederajat', 'Tidak bekerja', 'Sumanto', 'SMA / sederajat', 'Wiraswasta', '0895354972060', 345),
(356, 'Siti Asiyah', 'SMA / sederajat', 'Karyawan Swasta', '-', 'Tidak sekolah', '-', '083867981222', 346),
(357, 'SUNDARI', 'S1', 'Tidak bekerja', 'DANANG ARIWIBOWO', 'S1', 'Wiraswasta', '081225098350', 347),
(358, 'WIKA NENNY HASTIWI SE', 'S1', 'Karyawan Swasta', 'PURJOKO DWI SAPTO SH', 'S1', 'Karyawan Swasta', '081393278984', 348),
(359, 'Didah Wahdah Suroya', 'S1', 'Tidak bekerja', 'Choirul Amri', 'S2', 'PNS/TNI/Polri', ' 08157977901', 349),
(360, 'Indah Jumiyati', 'SMA / sederajat', 'Karyawan Swasta', 'Heriyanta', 'SMA / sederajat', 'Karyawan Swasta', '089653548021', 350),
(361, 'Ika Retno Pujiastuti A.Md.', 'Tidak sekolah', 'Karyawan Swasta', 'Setyo Pramon o S.E', 'S1', 'Karyawan Swasta', '08156856323', 351),
(362, 'LASMINI', 'Tidak sekolah', 'Tidak bekerja', '-', 'Tidak sekolah', '-', '085866518488', 352),
(363, 'TUNAS WIDYAWATI', 'D3', 'PNS/TNI/Polri', 'WASUL NURI', 'S1', 'Lainnya', '085647064506', 353),
(364, 'Susana', 'SMA / sederajat', 'Lainnya', 'Sayogi Purnomo', 'SMA / sederajat', 'Karyawan Swasta', '081804339917', 354),
(365, 'Dwi Endah Sekaratri', 'D3', 'Tidak bekerja', 'Santosa Budi Artana', 'S1', 'Wiraswasta', '085228723706', 355),
(366, 'Indarti', 'SMA / sederajat', 'Tidak bekerja', 'Aris Purwanto', 'S1', 'PNS/TNI/Polri', '0895359012974', 356),
(367, 'Dian Wahyuni', 'SMA / sederajat', 'Tidak bekerja', 'Wahyudin', 'SD / sederajat', 'Buruh', '087738476969', 357),
(368, 'RINI SABARYATI', 'SMP / sederajat', 'Tidak bekerja', 'ABDULLAH SANUSI', 'SMA / sederajat', 'Wiraswasta', '081325713587', 358);

-- --------------------------------------------------------

--
-- Table structure for table `tb_pengajar`
--

CREATE TABLE `tb_pengajar` (
  `id_pengajar` int(10) NOT NULL,
  `jabatan` enum('Kepala Sekolah','Guru Kelas','Guru Agama','Guru Penjas','Guru Bahasa','Tata Usaha','Penjaga Sekolah') NOT NULL,
  `id_mapel` int(10) NOT NULL,
  `id_guru` int(10) NOT NULL,
  `id_kelas` int(10) NOT NULL,
  `id_tahun` int(10) NOT NULL
) ENGINE=InnoDB DEFAULT CHARSET=latin1;

--
-- Dumping data for table `tb_pengajar`
--

INSERT INTO `tb_pengajar` (`id_pengajar`, `jabatan`, `id_mapel`, `id_guru`, `id_kelas`, `id_tahun`) VALUES
(33, 'Guru Kelas', 72, 71, 31, 16),
(34, 'Guru Kelas', 73, 71, 31, 16),
(35, 'Guru Kelas', 74, 71, 31, 16),
(36, 'Guru Kelas', 75, 71, 31, 16),
(37, 'Guru Kelas', 76, 71, 31, 16),
(38, 'Guru Kelas', 72, 72, 32, 16),
(39, 'Guru Kelas', 73, 72, 32, 16),
(40, 'Guru Kelas', 74, 72, 32, 16),
(41, 'Guru Kelas', 75, 72, 32, 16),
(42, 'Guru Kelas', 76, 72, 32, 16),
(43, 'Guru Kelas', 78, 73, 33, 16),
(44, 'Guru Kelas', 82, 73, 33, 16),
(45, 'Guru Kelas', 79, 73, 33, 16),
(46, 'Guru Kelas', 80, 73, 33, 16),
(47, 'Guru Kelas', 81, 73, 33, 16),
(48, 'Guru Kelas', 85, 74, 34, 16),
(49, 'Guru Kelas', 86, 74, 34, 16),
(50, 'Guru Kelas', 87, 74, 34, 16),
(51, 'Guru Kelas', 88, 74, 34, 16),
(52, 'Guru Kelas', 89, 74, 34, 16),
(53, 'Guru Kelas', 93, 75, 35, 16),
(54, 'Guru Kelas', 94, 75, 35, 16),
(55, 'Guru Kelas', 95, 75, 35, 16),
(56, 'Guru Kelas', 96, 75, 35, 16),
(57, 'Guru Kelas', 97, 75, 35, 16),
(58, 'Guru Kelas', 98, 75, 35, 16),
(59, 'Guru Kelas', 99, 75, 35, 16),
(60, 'Guru Kelas', 103, 77, 36, 16),
(61, 'Guru Kelas', 104, 77, 36, 16),
(62, 'Guru Kelas', 105, 77, 36, 16),
(63, 'Guru Kelas', 106, 77, 36, 16),
(64, 'Guru Kelas', 107, 77, 36, 16),
(65, 'Guru Kelas', 108, 77, 36, 16),
(66, 'Guru Kelas', 109, 77, 36, 16),
(67, 'Guru Kelas', 113, 76, 37, 16),
(68, 'Guru Kelas', 119, 76, 37, 16),
(69, 'Guru Kelas', 114, 76, 37, 16),
(70, 'Guru Kelas', 115, 76, 37, 16),
(71, 'Guru Kelas', 116, 76, 37, 16),
(72, 'Guru Kelas', 117, 76, 37, 16),
(73, 'Guru Kelas', 118, 76, 37, 16),
(74, 'Guru Agama', 71, 78, 31, 16),
(75, 'Guru Agama', 71, 78, 32, 16),
(76, 'Guru Agama', 77, 78, 33, 16),
(77, 'Guru Agama', 83, 78, 34, 16),
(78, 'Guru Agama', 84, 78, 34, 16),
(90, 'Guru Kelas', 77, 86, 38, 16),
(91, 'Guru Kelas', 82, 86, 38, 16),
(92, 'Guru Kelas', 81, 86, 38, 16),
(93, 'Guru Kelas', 78, 86, 38, 16),
(94, 'Guru Kelas', 79, 86, 38, 16),
(95, 'Guru Kelas', 80, 86, 38, 16),
(96, 'Guru Kelas', 85, 87, 39, 16),
(97, 'Guru Kelas', 86, 87, 39, 16),
(98, 'Guru Kelas', 87, 87, 39, 16),
(99, 'Guru Kelas', 88, 87, 39, 16),
(100, 'Guru Kelas', 89, 87, 39, 16),
(101, 'Guru Kelas', 93, 88, 40, 16),
(102, 'Guru Kelas', 94, 88, 40, 16),
(103, 'Guru Kelas', 95, 88, 40, 16),
(104, 'Guru Kelas', 96, 88, 40, 16),
(105, 'Guru Kelas', 97, 88, 40, 16),
(106, 'Guru Kelas', 98, 88, 40, 16),
(107, 'Guru Kelas', 99, 88, 40, 16),
(108, 'Guru Agama', 77, 78, 38, 16),
(109, 'Guru Agama', 83, 78, 39, 16),
(110, 'Guru Agama', 84, 78, 39, 16),
(111, 'Guru Agama', 90, 79, 40, 16),
(112, 'Guru Agama', 91, 79, 40, 16),
(113, 'Guru Agama', 92, 79, 40, 16),
(114, 'Guru Agama', 90, 79, 35, 16),
(115, 'Guru Agama', 91, 79, 35, 16),
(116, 'Guru Agama', 92, 79, 35, 16),
(117, 'Guru Agama', 100, 79, 36, 16),
(118, 'Guru Agama', 101, 79, 36, 16),
(119, 'Guru Agama', 102, 79, 36, 16),
(120, 'Guru Agama', 110, 79, 37, 16),
(121, 'Guru Agama', 111, 79, 37, 16),
(122, 'Guru Agama', 112, 79, 37, 16);

-- --------------------------------------------------------

--
-- Table structure for table `tb_siswa`
--

CREATE TABLE `tb_siswa` (
  `id_siswa` int(10) NOT NULL,
  `nis` varchar(10) NOT NULL,
  `nisn` varchar(20) NOT NULL,
  `nama` varchar(100) NOT NULL,
  `tanggal_lahir` date NOT NULL,
  `agama` varchar(10) NOT NULL,
  `jenis_kelamin` enum('Laki-laki','Perempuan') NOT NULL,
  `photo` varchar(255) DEFAULT NULL,
  `id_orangtua` int(10) DEFAULT NULL,
  `id_user` int(10) DEFAULT NULL
) ENGINE=InnoDB DEFAULT CHARSET=latin1;

--
-- Dumping data for table `tb_siswa`
--

INSERT INTO `tb_siswa` (`id_siswa`, `nis`, `nisn`, `nama`, `tanggal_lahir`, `agama`, `jenis_kelamin`, `photo`, `id_orangtua`, `id_user`) VALUES
(71, '1895', '0148692685', 'ABDUL LATIF ABBASY', '2014-03-25', 'Islam', 'Laki-laki', NULL, 91, 141),
(72, '1896', '0136357090', 'AHMAD SUNYOTO SAPUTRA', '2013-05-08', 'Islam', 'Laki-laki', NULL, 92, 142),
(73, '1897', '0137043170', 'Ainun Reno Penggalih', '2013-04-18', 'Islam', 'Perempuan', NULL, 93, 143),
(74, '1898', '0135034318', 'ANANDAFA FAHREZA FADHILLA ', '2013-06-26', 'Islam', 'Laki-laki', NULL, 94, 144),
(75, '1899', '0132370629', 'ANDIKA PRASETYA', '2013-09-24', 'Islam', 'Laki-laki', NULL, 95, 145),
(76, '1900', '0146439116', 'ANGELINA HOSANA SUNDARSIH', '2014-02-02', 'Islam', 'Perempuan', NULL, 96, 146),
(77, '1901', '0132463034', 'AQILAH FAUZIYAH', '2013-10-20', 'Islam', 'Perempuan', NULL, 97, 147),
(78, '1902', '0127655418', 'AZKA ADDRYANZA PRATAMA', '2012-12-05', 'Islam', 'Laki-laki', NULL, 98, 148),
(79, '1903', '0135421584', 'FABIAN ARDIKA PUTRA', '2013-09-09', 'Islam', 'Laki-laki', NULL, 99, 149),
(80, '1904', '0129027124', 'FARIS ADITYA SAPUTRA', '2012-11-07', 'Islam', 'Laki-laki', NULL, 100, 150),
(81, '1934', '0133399081', 'GHAISAN RAKHA HIDAYAT', '2013-06-19', 'Islam', 'Laki-laki', NULL, 101, 151),
(82, '1906', '0131462642', 'GILANG RAFLI KURNIAWAN', '2013-06-15', 'Islam', 'Laki-laki', NULL, 102, 152),
(83, '1907', '0135087802', 'Hanna Kamila Adzkannisa', '2013-05-22', 'Islam', 'Perempuan', NULL, 103, 153),
(84, '1908', '0135649062', 'KEANU ALVARO AZZAMY', '2013-12-28', 'Islam', 'Laki-laki', NULL, 104, 154),
(85, '1909', '0136465230', 'KINAYA EKA MAHARANI', '2013-11-29', 'Islam', 'Perempuan', NULL, 105, 155),
(86, '1910', '0133740599', 'MANNISA AHNAF IRLANGGA', '2013-12-01', 'Islam', 'Perempuan', NULL, 106, 156),
(87, '1911', '0139765460', 'MUHAMMAD HAMZAH AL GHIFFARI', '2013-09-11', 'Islam', 'Laki-laki', NULL, 107, 157),
(88, '1912', '0131282685', 'MUHAMMAD ZIAN ASEGAF', '2013-10-09', 'Islam', 'Laki-laki', NULL, 108, 158),
(89, '1913', '0138977894', 'MUMTAZKIA SABRINA WAHYUDHI', '2013-09-11', 'Islam', 'Perempuan', NULL, 109, 159),
(90, '1914', '0138888055', 'NAUFAL KENZIE PRIYANTO', '2013-01-23', 'Islam', 'Laki-laki', NULL, 110, 160),
(91, '1915', '3148039847', 'QUEEN CHANNA LULUA', '2014-05-05', 'lainnya', 'Perempuan', NULL, 111, 161),
(92, '1916', '0137383577', 'R. MAHARDIKA NAFIZ AZZIKRI', '2013-08-20', 'Islam', 'Laki-laki', NULL, 112, 162),
(93, '1917', '0131963234', 'RAMA MUHAMMAD RAMADHAN', '2013-08-05', 'Islam', 'Laki-laki', NULL, 113, 163),
(94, '1918', '0135033125', 'RENO AKBAR WIBOWO', '2013-05-20', 'Islam', 'Laki-laki', NULL, 114, 164),
(95, '1919', '0132796293', 'SHEILLA AQILA ADELIA PUTRI', '2013-04-08', 'Islam', 'Perempuan', NULL, 115, 165),
(96, '1920', '0132179669', 'SHIDQI HANNAN PURNAMA', '2013-12-04', 'Islam', 'Laki-laki', NULL, 116, 166),
(97, '1921', '0131994193', 'ZAFIRAH QANATA SAHOLAN', '2013-08-17', 'Islam', 'Perempuan', NULL, 117, 167),
(98, '1922', '3137268441', 'ABIYYU WIDYADHANA', '2013-06-06', 'Islam', 'Laki-laki', NULL, 118, 168),
(99, '1923', '3138693739', 'AHMED ABID AQIS SHIDQA', '2013-06-18', 'lainnya', 'Laki-laki', NULL, 119, 169),
(100, '1924', '0138578535', 'ALIF SA I ISKANDAR PUTRA', '2013-02-18', 'Islam', 'Laki-laki', NULL, 120, 170),
(101, '1925', '0134640060', 'ALIKA NAILA PUTRI', '2013-10-04', 'Islam', 'Perempuan', NULL, 121, 171),
(102, '1926', '0136799830', 'ALMAHYRA MAIDA FARHANA', '2013-05-20', 'Islam', 'Perempuan', NULL, 122, 172),
(103, '1927', '0131946624', 'ANISA DEA PUTRI', '2013-06-28', 'Islam', 'Perempuan', NULL, 123, 173),
(104, '1928', '0131408306', 'DANIKA LEVINAWATI', '2013-01-05', 'Islam', 'Perempuan', NULL, 124, 174),
(105, '1929', '0127698127', 'DANISH ARKAN ELRAFIF', '2012-11-18', 'Islam', 'Laki-laki', NULL, 125, 175),
(106, '1877', '0126355573', 'DHILA NUR RAHMAWATI', '2012-08-14', 'Islam', 'Perempuan', NULL, 126, 176),
(107, '1930', '0135300051', 'DIMAS REZA NAUFAL NASHIF', '2013-08-24', 'Islam', 'Laki-laki', NULL, 127, 177),
(108, '1931', '0138006140', 'DIRGA ELANG SAPUTRA', '2013-08-17', 'Islam', 'Laki-laki', NULL, 128, 178),
(109, '1932', '0149510260', 'FEBRIYANTI SETIA NINGROOM', '2014-02-21', 'Islam', 'Perempuan', NULL, 129, 179),
(110, '1933', '0134593179', 'Gavin Julio Alfath Herist', '2013-07-09', 'Islam', 'Laki-laki', NULL, 130, 180),
(111, '1905', '0138773956', 'GHAISAN FAEYZA ZIA', '2013-03-27', 'Islam', 'Laki-laki', NULL, 131, 181),
(112, '1935', '0133818240', 'IRFATIM MARIAM KHEISA', '2013-02-21', 'Islam', 'Perempuan', NULL, 132, 182),
(113, '1936', '0131928252', 'IVAN CETTA EDRIA', '2013-12-19', 'Islam', 'Laki-laki', NULL, 133, 183),
(114, '1937', '0138317871', 'MUHAMMAD ALFATH NOOR RIZKI', '2013-08-14', 'Islam', 'Laki-laki', NULL, 134, 184),
(115, '1938', '0136861565', 'MUHAMMAD NAUFAL WISANGGENI', '2013-11-17', 'Islam', 'Laki-laki', NULL, 135, 185),
(116, '1939', '0133589912', 'NURYUZA AGUSTAN MAHARDIKA', '2013-08-17', 'Islam', 'Laki-laki', NULL, 136, 186),
(117, '1940', '0137184081', 'QUEENA AURA AVISA BELLA', '2013-08-20', 'Islam', 'Perempuan', NULL, 137, 187),
(118, '1941', '0134136124', 'RAMA ADITYA ANWAR', '2013-04-20', 'Islam', 'Laki-laki', NULL, 138, 188),
(119, '1942', '3131461194', 'RULIFF MAHSA AL HAFIZ', '2013-06-14', 'lainnya', 'Laki-laki', NULL, 139, 189),
(120, '1943', '0142630897', 'SEKAR MAHESWARI', '2014-02-02', 'Islam', 'Perempuan', NULL, 140, 190),
(121, '1944', '0128044692', 'SURYA ALAM PUTRA ANANTA', '2012-12-03', 'Islam', 'Laki-laki', NULL, 141, 191),
(122, '1945', '0138354531', 'TASYA DIANISA FAIHA', '2013-04-28', 'Islam', 'Perempuan', NULL, 142, 192),
(123, '1946', '0135774053', 'TIFFANY KHANSA SAKINAH', '2013-12-08', 'Islam', 'Perempuan', NULL, 143, 193),
(124, '1947', '0137382513', 'VAISAL ARAFAT', '2013-10-21', 'Islam', 'Laki-laki', NULL, 144, 194),
(125, '1845', '3126269130', 'AKHTAR AL ZHAFRAN SANTOSO', '2012-03-08', 'Islam', 'Laki-laki', NULL, 145, 195),
(126, '1846', '3125959166', 'ALDYAZ SETYANTO SIMA', '2012-06-26', 'Islam', 'Laki-laki', NULL, 146, 196),
(127, '1847', '0128322214', 'ALIF NIAS ROMADHONA', '2012-08-14', 'Islam', 'Perempuan', NULL, 147, 197),
(128, '1848', '3139432748', 'ALMA ZULFIANA PUTRI', '2013-03-03', 'Islam', 'Perempuan', NULL, 148, 198),
(129, '1849', '0126469531', 'ANINDITA FEBRIANA', '2012-02-29', 'Islam', 'Perempuan', NULL, 149, 199),
(130, '1850', '0122606344', 'ARIFIN GUFRON QOBUS', '2012-07-15', 'Islam', 'Laki-laki', NULL, 150, 200),
(131, '1851', '0124092212', 'Aryani Naila Farafisah ', '2012-08-24', 'Islam', 'Perempuan', NULL, 151, 201),
(132, '1852', '3133328539', 'DAMAI AL KHALIFI', '2013-05-04', 'Islam', 'Laki-laki', NULL, 152, 202),
(133, '1853', '3127367927', 'DAVINA HERVIA ANINDITA', '2012-09-12', 'Islam', 'Perempuan', NULL, 153, 203),
(134, '1854', '0122024524', 'FARID FATHURRAHMAN', '2012-06-26', 'Islam', 'Laki-laki', NULL, 154, 204),
(135, '1855', '0129986117', 'HAYKAL ALESTYA QADDAFA', '2012-08-22', 'Islam', 'Laki-laki', NULL, 155, 205),
(136, '1856', '0123263505', 'IRFAN AHDA MAULANA', '2012-10-28', 'Islam', 'Laki-laki', NULL, 156, 206),
(137, '1857', '3121858557', 'KARINA CAHYANI PUTRI', '2012-09-20', 'Islam', 'Perempuan', NULL, 157, 207),
(138, '1858', '3128878224', 'KARUNIA NUR HANIFAH', '2012-01-21', 'Islam', 'Perempuan', NULL, 158, 208),
(139, '1859', '0129613799', 'Maritza Nadiva Naswa Safira', '2012-03-21', 'Islam', 'Perempuan', NULL, 159, 209),
(140, '1860', '0128488015', 'MUHAMMAD IQBAL RAMADHAN', '2012-07-28', 'Islam', 'Laki-laki', NULL, 160, 210),
(141, '1861', '0125516731', 'NAYRA AZKIYA ISMAWATI', '2012-04-24', 'Islam', 'Perempuan', NULL, 161, 211),
(142, '1862', '0122007469', 'OKTAVIANANDA PUTRI KHAIRUNNISA', '2012-10-31', 'Islam', 'Perempuan', NULL, 162, 212),
(143, '1863', '0129650415', 'RAISA NADIRA', '2012-07-05', 'Islam', 'Perempuan', NULL, 163, 213),
(144, '1864', '0121519150', 'RONAN MARZUKI RAMADHANI', '2012-08-13', 'Islam', 'Laki-laki', NULL, 164, 214),
(145, '1865', '0125603061', 'SHAFINA WIDYA ZAIMATUNISA', '2012-03-26', 'Islam', 'Perempuan', NULL, 165, 215),
(146, '1866', '0136073293', 'Syafa Diah Ayu Damayanti', '2013-03-02', 'Islam', 'Perempuan', NULL, 166, 216),
(147, '1867', '0123536633', 'SYAFI AN NANDA MUSTHOFA', '2012-10-09', 'Islam', 'Laki-laki', NULL, 167, 217),
(148, '1868', '0126972503', 'ZASKIA AYZAHWA', '2012-12-06', 'Islam', 'Perempuan', NULL, 168, 218),
(149, '1783', '0115142355', 'ABDULLAH AHMAD SIDIQ', '2011-04-12', 'Islam', 'Laki-laki', NULL, 169, 219),
(150, '1784', '0113561822', 'ADNAN NAFIS YOWAN ADIKA', '2011-10-25', 'Islam', 'Laki-laki', NULL, 170, 220),
(151, '1785', '0125122403', 'Alifa Rizkya Labibah', '2012-01-25', 'Islam', 'Perempuan', NULL, 171, 221),
(152, '1786', '0111105145', 'ALINA QONITA FAIZAH', '2011-05-01', 'Islam', 'Perempuan', NULL, 172, 222),
(153, '1787', '0116389416', 'AMIR ABDUL ROZAK', '2011-01-29', 'Islam', 'Laki-laki', NULL, 173, 223),
(154, '1788', '0118492443', 'ARYA PUTRA NAFIS', '2011-04-12', 'Islam', 'Laki-laki', NULL, 174, 224),
(155, '1789', '0127884410', 'ATHAYA REINDRA MAULANA', '2012-01-15', 'Islam', 'Laki-laki', NULL, 175, 225),
(156, '1790', '0114446854', 'AXIST RIHHADATUL AISY AZKIYA', '2011-06-22', 'Islam', 'Perempuan', NULL, 176, 226),
(157, '1791', '0113558709', 'AZALIA RAMADHANI', '2011-08-16', 'Islam', 'Perempuan', NULL, 177, 227),
(158, '1792', '0113380677', 'DANIAL ADLI PANGESTU', '2011-07-13', 'Islam', 'Laki-laki', NULL, 178, 228),
(159, '1793', '0116243681', 'FATIMA DZAKIYA SAKHI', '2011-03-11', 'Islam', 'Perempuan', NULL, 179, 229),
(160, '1794', '0114399812', 'Fidelya Norin Nathania', '2011-09-09', 'Islam', 'Perempuan', NULL, 180, 230),
(161, '1842', '0137743415', 'GADING APRILLEANO SILVA', '2013-12-31', 'Islam', 'Laki-laki', NULL, 181, 231),
(162, '1795', '0114428234', 'Hafiz Maulana', '2011-06-01', 'Islam', 'Laki-laki', NULL, 182, 232),
(163, '1796', '0128941294', 'HASNA FADIYAH KALISNA', '2012-01-20', 'Islam', 'Perempuan', NULL, 183, 233),
(164, '1797', '0117341208', 'IMAM BANUGROHO WICAKSONO', '2011-11-18', 'Islam', 'Laki-laki', NULL, 184, 234),
(165, '1798', '0128004291', 'JIHAN QONITA AZKA PRIYONO', '2012-01-24', 'Islam', 'Perempuan', NULL, 185, 235),
(166, '1799', '0112874725', 'Keysha Hana Zahrani', '2011-08-29', 'Islam', 'Perempuan', NULL, 186, 236),
(167, '1800', '0118464308', 'LUTFI AKMAL', '2011-10-30', 'Islam', 'Laki-laki', NULL, 187, 237),
(168, '1893', '0122706685', 'NIRMA AYU CAHYA KAMILA', '2012-06-02', 'Islam', 'Perempuan', NULL, 188, 238),
(169, '1803', '0111532628', 'RACHELA PUTRI LATIFA', '2011-05-28', 'Islam', 'Perempuan', NULL, 189, 239),
(170, '1804', '0112918297', 'RASYID EFENDI', '2011-09-27', 'Islam', 'Laki-laki', NULL, 190, 240),
(171, '1805', '0122998093', 'Rausyan El Fikr', '2012-01-01', 'Islam', 'Laki-laki', NULL, 191, 241),
(172, '1806', '0128308811', 'RENA AMBARWATI', '2012-02-28', 'Islam', 'Perempuan', NULL, 192, 242),
(173, '1807', '0119299626', 'RIDWAN FAWWAZUL PRATAMA', '2011-04-24', 'Islam', 'Laki-laki', NULL, 193, 243),
(174, '1808', '0121543709', 'RR DISTI ADELIA NUGRAHENI', '2012-04-16', 'Islam', 'Perempuan', NULL, 194, 244),
(175, '1810', '0125613640', 'Sinergi Aisya Laresae', '2012-02-25', 'Islam', 'Perempuan', NULL, 195, 245),
(176, '1811', '0113926322', 'YAMA SATRYA PRATAMA', '2011-12-29', 'Islam', 'Laki-laki', NULL, 196, 246),
(177, '1812', '0112026398', 'Yumna Swastika Widati', '2011-07-05', 'Islam', 'Perempuan', NULL, 197, 247),
(178, '1729', '0108727592', 'ANNISA NUR FADHILLAH', '2010-08-17', 'Islam', 'Perempuan', NULL, 198, 248),
(179, '1698', '0095534479', 'ARYYA YODHA PRATAMA', '2009-07-30', 'Islam', 'Laki-laki', NULL, 199, 249),
(180, '1730', '0107726784', 'Attiya Zelva Dyalove', '2010-01-30', 'Islam', 'Perempuan', NULL, 200, 250),
(181, '1731', '0106849144', 'BIMA ROIKHAN ANWAR', '2010-11-12', 'Islam', 'Laki-laki', NULL, 201, 251),
(182, '1732', '0105419962', 'Dela Firza Ana Safitri', '2010-09-09', 'Islam', 'Perempuan', NULL, 202, 252),
(183, '1733', '0107189551', 'Fatimah', '2010-07-27', 'Islam', 'Perempuan', NULL, 203, 253),
(184, '1734', '0102771553', 'GENTA YUDHA PRATAMA', '2010-05-04', 'Islam', 'Laki-laki', NULL, 204, 254),
(185, '1735', '0109431132', 'Hasan Arrosyid', '2010-04-02', 'Islam', 'Laki-laki', NULL, 205, 255),
(186, '1736', '0114358375', 'Iqbal Fathian Akbar', '2011-02-07', 'Islam', 'Laki-laki', NULL, 206, 256),
(187, '1737', '0113464479', 'Karen Kania Rahajeng Elva Hardianti', '2011-01-29', 'Islam', 'Perempuan', NULL, 207, 257),
(188, '1738', '0106637410', 'KHAFIFATUN SHOLIKHAH', '2010-01-20', 'Islam', 'Perempuan', NULL, 208, 258),
(189, '1739', '0118309701', 'Lathifa Khanza Faiha', '2011-02-11', 'Islam', 'Perempuan', NULL, 209, 259),
(190, '1740', '0104333457', 'Lefinka Isnanda Rivy Tranasya', '2010-08-07', 'Islam', 'Perempuan', NULL, 210, 260),
(191, '1741', '0108798901', 'Luthfiyah Anindya', '2010-06-09', 'Islam', 'Perempuan', NULL, 211, 261),
(192, '1742', '0118989593', 'M. WILDAN ARIEF', '2011-04-05', 'Islam', 'Laki-laki', NULL, 212, 262),
(193, '1743', '0102156046', 'Muhammad Hafiz Nurrajab', '2010-06-10', 'Islam', 'Laki-laki', NULL, 213, 263),
(194, '1744', '0106941254', 'MUHAMMAD HAIDAR ZAKY', '2010-10-04', 'Islam', 'Laki-laki', NULL, 214, 264),
(195, '1745', '0116277847', 'Naila Asyifa Rahmanisa Putri', '2011-01-30', 'Islam', 'Perempuan', NULL, 215, 265),
(196, '1746', '0112294035', 'Naura Fadhila', '2011-01-15', 'Islam', 'Perempuan', NULL, 216, 266),
(197, '1747', '0108800792', 'Nindia Alina Putri', '2010-09-03', 'Islam', 'Perempuan', NULL, 217, 267),
(198, '1748', '0117080862', 'RESTU AJI ALDESA', '2011-03-24', 'Islam', 'Laki-laki', NULL, 218, 268),
(199, '1749', '0111433604', 'RINATA AMELINDA KHAIRIYA', '2011-03-10', 'Islam', 'Perempuan', NULL, 219, 269),
(200, '1716', '0107643795', 'SALMA FIRZANAH GHAISANI', '2010-01-01', 'Islam', 'Perempuan', NULL, 220, 270),
(201, '1718', '0101900345', 'SAZKIA SANDRIORIVA AZZAHRA', '2010-02-20', 'Islam', 'Perempuan', NULL, 221, 271),
(202, '1750', '0104703675', 'Seila Puspa Ramadhani', '2010-09-01', 'Islam', 'Perempuan', NULL, 222, 272),
(203, '1751', '0109441968', 'SYAFA ACINTYA ZADA', '2010-11-14', 'Islam', 'Perempuan', NULL, 223, 273),
(204, '1752', '0107708745', 'ZASKIA CHIQUITA DEWI MAHARANI', '2010-11-13', 'Islam', 'Perempuan', NULL, 224, 274),
(205, '1692', '0095694905', 'ABRORA HASNA TALITHA', '2009-12-08', 'Islam', 'Perempuan', NULL, 225, 275),
(206, '1695', '0091792711', 'AISYAH NUR FITRI', '2009-10-06', 'Islam', 'Perempuan', NULL, 226, 276),
(207, '1696', '0105703473', 'ANDINI KUSUMAWATI', '2010-01-22', 'Islam', 'Perempuan', NULL, 227, 277),
(208, '1697', '0094101079', 'ARESYA SABILLA', '2009-12-08', 'Islam', 'Perempuan', NULL, 228, 278),
(209, '1654', '0096027725', 'AZKALIA DIVA PRASTIKA', '2009-06-15', 'Islam', 'Perempuan', NULL, 229, 279),
(210, '1699', '0095408461', 'BASYSYAR AZRI ALHARITS', '2009-09-18', 'Islam', 'Laki-laki', NULL, 230, 280),
(211, '1700', '0102663179', 'BINTANG QORI JANITRA PURNAMA', '2010-01-18', 'Islam', 'Perempuan', NULL, 231, 281),
(212, '1701', '0097560181', 'CARISSA AGY PRAMESTI', '2009-07-17', 'Islam', 'Perempuan', NULL, 232, 282),
(213, '1702', '0106512070', 'CHERRY HANAN TSABITAH', '2010-10-12', 'Islam', 'Perempuan', NULL, 233, 283),
(214, '1703', '0091444639', 'DESTA PUTRA PRATAMA', '2009-12-08', 'Islam', 'Laki-laki', NULL, 234, 284),
(215, '1704', '0096725840', 'DIKSA YUMNA EMBUN QUEENA ABHINAYA', '2009-07-05', 'Islam', 'Perempuan', NULL, 235, 285),
(216, '1663', '0091421086', 'EKA USWATUN KHASANAH', '2009-06-30', 'Islam', 'Perempuan', NULL, 236, 286),
(217, '1705', '0098038358', 'FAIDA PUSPITA SARI', '2009-11-10', 'Islam', 'Perempuan', NULL, 237, 287),
(218, '1706', '0105557854', 'FATHI RIZKY ANANTO', '2010-01-04', 'Islam', 'Laki-laki', NULL, 238, 288),
(219, '1707', '0109846320', 'GHINA RAJWA SAHOLAN', '2010-01-21', 'Islam', 'Perempuan', NULL, 239, 289),
(220, '1708', '0105911135', 'GIGIH DWI ANGGRAENI', '2010-01-19', 'Islam', 'Perempuan', NULL, 240, 290),
(221, '1725', '0099482800', 'HAFIZH FIRDAUS PUTRANTO', '2009-04-02', 'Islam', 'Laki-laki', NULL, 241, 291),
(222, '1709', '0092680236', 'HANIF PRASNANTO SAPUTRO', '2009-07-11', 'Islam', 'Laki-laki', NULL, 242, 292),
(223, '1666', '0093571504', 'HIROSHI KHESYSSA ERLYTA JUNI', '2009-06-01', 'Islam', 'Perempuan', NULL, 243, 293),
(224, '1710', '0093615442', 'KAYANNA NINDY NURFATICHAH', '2009-02-26', 'Islam', 'Perempuan', NULL, 244, 294),
(225, '1711', '0093154223', 'MYIESHA ASHA IZZATI', '2009-11-22', 'Islam', 'Perempuan', NULL, 245, 295),
(226, '1712', '0094089804', 'NA ILA AURA SAFHA', '2009-06-06', 'Islam', 'Perempuan', NULL, 246, 296),
(227, '1713', '0106580981', 'NARIMA NUR ISNAINI', '2010-03-16', 'Islam', 'Perempuan', NULL, 247, 297),
(228, '1714', '0091768907', 'PANDYA AGRA CETTA NURWIDIYANSYAH', '2009-11-29', 'Islam', 'Laki-laki', NULL, 248, 298),
(229, '1715', '0097942074', 'RENA ARISTAWATI', '2009-12-02', 'Islam', 'Perempuan', NULL, 249, 299),
(230, '1717', '0094715358', 'SATRIA FATAN PUTRA NUGRAHA', '2009-04-17', 'Islam', 'Laki-laki', NULL, 250, 300),
(231, '1719', '0105419323', 'SYIFA AZZAHRA', '2010-05-07', 'Islam', 'Perempuan', NULL, 251, 301),
(232, '1720', '0096160780', 'TEGAR DWI WARDHANA', '2009-11-14', 'Islam', 'Laki-laki', NULL, 252, 302),
(233, '1723', '0097102092', 'VIKA AURA ZAHRANI', '2009-05-28', 'Islam', 'Perempuan', NULL, 253, 303),
(234, '1724', '0089229966', 'YAZID RAZAHILANI', '2008-07-10', 'Islam', 'Laki-laki', NULL, 254, 304),
(235, '1646', '0083224899', 'ABDUL HAKIM PUTRA PRATAMA', '2008-04-19', 'Islam', 'Laki-laki', NULL, 255, 305),
(237, '1620', '0087217086', 'AHMAD ZUL IDHAM', '2008-01-17', 'Islam', 'Laki-laki', NULL, 257, 307),
(238, '1648', '0086652927', 'AISHA SYARIFA FIRDAUS', '2008-04-29', 'Islam', 'Perempuan', NULL, 258, 308),
(239, '1649', '0086678071', 'ANGGUN DESTIFIANI LARASATY', '2008-12-23', 'Islam', 'Perempuan', NULL, 259, 309),
(240, '1650', '0093724092', 'AURELIA HASNA NAFISA', '2009-01-23', 'Islam', 'Perempuan', NULL, 260, 310),
(241, '1652', '0083692432', 'AZIZ FIEZA ARDHANA', '2008-11-18', 'Islam', 'Laki-laki', NULL, 261, 311),
(242, '1653', '0084861713', 'AZIZAH SAFARA MAHDIYYAH', '2008-12-26', 'Islam', 'Perempuan', NULL, 262, 312),
(243, '1655', '0095092413', 'AZZAH NUR ALYA', '2009-01-26', 'Islam', 'Perempuan', NULL, 263, 313),
(244, '1656', '0082540069', 'BAGAS SATRIO BAKTI', '2008-08-31', 'Islam', 'Laki-laki', NULL, 264, 314),
(245, '1657', '0085192614', 'BARRA ASLANA', '2008-09-26', 'Islam', 'Laki-laki', NULL, 265, 315),
(246, '1658', '0096830314', 'DENDY WISNU ANDIANTA', '2009-03-18', 'Islam', 'Laki-laki', NULL, 266, 316),
(247, '1659', '0099373811', 'DERIL ISNANDA PUTRA', '2009-05-02', 'Islam', 'Laki-laki', NULL, 267, 317),
(248, '1660', '0088186406', 'DESTRA PRADITYANSAH', '2008-12-10', 'Islam', 'Laki-laki', NULL, 268, 318),
(249, '1662', '0086725224', 'DYAH PADMA LALITHA', '2008-03-09', 'Islam', 'Perempuan', NULL, 269, 319),
(250, '1664', '0089199559', 'ERLINDA EKAVIAN RATNADEWI', '2008-04-10', 'Islam', 'Perempuan', NULL, 270, 320),
(251, '1665', '0096517652', 'HABIBULHAQ ABDURROHMAN', '2009-05-14', 'Islam', 'Laki-laki', NULL, 271, 321),
(252, '1727', '0091109482', 'Keysya Maulidea Saputri', '2009-03-09', 'Islam', 'Perempuan', NULL, 272, 322),
(253, '1668', '0098981752', 'KHANSA MAHDIYYAH SYARIF', '2009-05-16', 'Islam', 'Perempuan', NULL, 273, 323),
(254, '1782', '0081936297', 'Lathif Arrasyid Wiridhana', '2008-09-07', 'Islam', 'Laki-laki', NULL, 274, 324),
(255, '1669', '0097621546', 'M. IQBAL ALFAROBI', '2009-03-23', 'Islam', 'Laki-laki', NULL, 275, 325),
(256, '1670', '0086119579', 'MARYAM', '2008-09-06', 'Islam', 'Perempuan', NULL, 276, 326),
(257, '1672', '0085554813', 'NAFLA QANITA NAJIA', '2008-05-21', 'Islam', 'Perempuan', NULL, 277, 327),
(258, '1673', '0097753646', 'NAILA AMALIA HUSNA', '2009-04-24', 'Islam', 'Perempuan', NULL, 278, 328),
(259, '1674', '0092475129', 'NAZHIRA IZZA SYUJA ARUN', '2009-03-24', 'Islam', 'Perempuan', NULL, 279, 329),
(260, '1675', '0089828164', 'NOVI TINTA DEWI', '2008-11-21', 'Islam', 'Perempuan', NULL, 280, 330),
(261, '1688', '0074779266', 'Nur Sidiq Setyawan', '2007-11-11', 'Islam', 'Laki-laki', NULL, 281, 331),
(262, '1676', '0093214604', 'PINKKI ALEXS ANDRIA PUJA', '2009-04-12', 'Islam', 'Perempuan', NULL, 282, 332),
(263, '1892', '0096152388', 'RADITHYA ALFIEN SIENA', '2009-01-11', 'Islam', 'Laki-laki', NULL, 283, 333),
(264, '1677', '0089162031', 'RAFIF ADLI NURRIFQI', '2008-08-13', 'Islam', 'Laki-laki', NULL, 284, 334),
(265, '1679', '0093048285', 'RAIHANA NAJWA MU NISA', '2009-01-28', 'Islam', 'Perempuan', NULL, 285, 335),
(266, '1680', '0084286713', 'RAKHA PANGESTU', '2008-02-08', 'Islam', 'Laki-laki', NULL, 286, 336),
(267, '1681', '0091889647', 'RESTU TIARA PUTRI GUMARANG', '2009-05-07', 'Islam', 'Perempuan', NULL, 287, 337),
(268, '1948', '0083472482', 'RIZKY ADITYA BUSTAMI', '2008-10-23', 'Islam', 'Laki-laki', NULL, 288, 338),
(269, '1682', '0098368298', 'SCINDY ANGGRAENI PURNAMA SARI', '2009-06-06', 'Islam', 'Perempuan', NULL, 289, 339),
(270, '1640', '0078597571', 'SITI NUR KHASANAH', '2007-12-22', 'Islam', 'Perempuan', NULL, 290, 340),
(271, '1683', '0098287394', 'SYAUQI SAFI WICAKSONO', '2009-01-27', 'Islam', 'Laki-laki', NULL, 291, 341),
(272, '1684', '0081797924', 'VAI VALAVI', '2008-09-22', 'Islam', 'Laki-laki', NULL, 292, 342),
(273, '1869', '121060465', 'ADDEL HANA PURNAMA', '2012-06-26', 'Islam', 'Perempuan', NULL, 293, 343),
(274, '1870', '128971584', 'ALMA HANANIYYA', '2012-06-29', 'Islam', 'Perempuan', NULL, 294, 344),
(275, '1871', '3128063940', 'ARKANA FAHRI PUTRA', '2012-08-14', 'Islam', 'Laki-laki', NULL, 295, 345),
(276, '1872', '133240620', 'ARNIAN ICASIA CLAIRINA', '2013-03-09', 'Islam', 'Perempuan', NULL, 296, 346),
(277, '1873', '125970911', 'ARSENIO BARA WIJAYA', '2012-02-04', 'Islam', 'Laki-laki', NULL, 297, 347),
(278, '1874', '126962005', 'ATQIYA NURAINI', '2012-08-30', 'Islam', 'Perempuan', NULL, 298, 348),
(279, '1875', '3125390697', 'AULIA NUR HANIFA', '2012-01-21', 'Islam', 'Perempuan', NULL, 299, 349),
(280, '1876', '3117822282', 'AVINSA FADILLA RAMADANI', '2011-07-30', 'Islam', 'Perempuan', NULL, 300, 350),
(281, '1878', '122341098', 'DINAR IBNU RIZAL', '2012-12-08', 'Islam', 'Laki-laki', NULL, 301, 351),
(282, '1879', '129935822', 'FATHAN RIZQON WASTAN', '2012-08-26', 'Islam', 'Laki-laki', NULL, 302, 352),
(283, '1824', '118570159', 'GALANG WAIS AL QORNI', '2011-12-12', 'Islam', 'Laki-laki', NULL, 303, 353),
(284, '1880', '126367248', 'INDIRA ASKA FAIHA', '2012-06-29', 'Islam', 'Perempuan', NULL, 304, 354),
(285, '1881', '127608455', 'KHEANDRA ELVARO WIRA PRABOWO', '2012-03-21', 'Islam', 'Laki-laki', NULL, 305, 355),
(286, '1882', '123720245', 'Muhammad Nizam Azka Nugroho', '2012-04-04', 'Islam', 'Laki-laki', NULL, 306, 356),
(287, '1883', '112577306', 'QUENZHA TIFANNY SABILLA PUTRI', '2011-09-15', 'Islam', 'Perempuan', NULL, 307, 357),
(288, '1884', '127334047', 'REIRAYA LUCKY ARSYHANA', '2012-08-20', 'Islam', 'Perempuan', NULL, 308, 358),
(289, '1885', '129311172', 'RIFQI RADITYA PRATAMA', '2012-03-19', 'Islam', 'Laki-laki', NULL, 309, 359),
(290, '1886', '132437848', 'RIZKY WULANDARY', '2013-01-22', 'Islam', 'Perempuan', NULL, 310, 360),
(291, '1887', '3125112969', 'SANDI BAGUS PRAYOGO', '2012-09-03', 'Islam', 'Laki-laki', NULL, 311, 361),
(292, '1888', '128413380', 'SARETTA SHIRA KASTARA', '2012-03-28', 'Islam', 'Perempuan', NULL, 312, 362),
(293, '1889', '116442815', 'Siti Salimah', '2011-12-27', 'Islam', 'Perempuan', NULL, 313, 363),
(294, '1890', '3124221516', 'SYAFINA FITRIA ANESKA', '2012-08-23', 'Islam', 'Perempuan', NULL, 314, 364),
(295, '1891', '127056944', 'YUPI AZZAM ALFARIZKI', '2012-03-29', 'Islam', 'Laki-laki', NULL, 315, 365),
(296, '1813', '112780429', 'ADISTA NASWA VELY ANJANI', '2011-12-02', 'Islam', 'Perempuan', NULL, 316, 366),
(297, '1814', '103201200', 'AGUNG DWI PANGESTU', '2010-10-02', 'Islam', 'Laki-laki', NULL, 317, 367),
(298, '1815', '113950773', 'ALIFIA HUSNA RAMADHANI', '2011-08-20', 'Islam', 'Perempuan', NULL, 318, 368),
(299, '1816', '128464197', 'ALZEENA HASYA LESTARI KURNIAWAN', '2012-06-04', 'Islam', 'Perempuan', NULL, 319, 369),
(300, '1817', '129574459', 'Anisah Dyah Nur Hanifah', '2012-05-31', 'Islam', 'Perempuan', NULL, 320, 370),
(301, '1818', '116228360', 'ASFIANA GITALIS NADESHIKO', '2011-09-18', 'Islam', 'Perempuan', NULL, 321, 371),
(302, '1819', '3120082673', 'AUFAA HUSNA WIBOWO', '2012-01-05', 'Islam', 'Perempuan', NULL, 322, 372),
(303, '1820', '113613748', 'AYUNDA SAKA HAPSARI', '2011-07-17', 'Islam', 'Perempuan', NULL, 323, 373),
(304, '1821', '124273936', 'CASSY BERLIAN VALENTINA PUTRI', '2012-02-14', 'Islam', 'Perempuan', NULL, 324, 374),
(305, '1822', '118417524', 'DANISWARA NADHIF ALAUNA', '2011-02-14', 'Islam', 'Laki-laki', NULL, 325, 375),
(306, '1758', '102130279', 'DELVIN ANDREAN', '2010-07-15', 'Islam', 'Laki-laki', NULL, 326, 376),
(307, '1823', '124519323', 'FELIX RADITYA', '2012-03-28', 'Islam', 'Laki-laki', NULL, 327, 377),
(308, '1825', '113453765', 'Haulian Evelyn', '2011-08-26', 'Islam', 'Laki-laki', NULL, 328, 378),
(309, '1826', '119605508', 'ISMATUDDZAHWAN ZAKI ALIM', '2011-03-31', 'Islam', 'Laki-laki', NULL, 329, 379),
(310, '1827', '117360722', 'KAIFA FATTIMAH AZ ZAHRA', '2011-12-21', 'Islam', 'Perempuan', NULL, 330, 380),
(311, '1828', '112140021', 'LINTANG NAYRA RAHMADHANI', '2011-07-16', 'Islam', 'Perempuan', NULL, 331, 381),
(312, '1829', '122607001', 'LUTHFI ANA RUSTIN', '2012-01-06', 'Islam', 'Perempuan', NULL, 332, 382),
(313, '1780', '113285985', 'Melyndra Ayu Asyifa', '2011-07-21', 'Islam', 'Perempuan', NULL, 333, 383),
(314, '1830', '122883292', 'MUHAMMAD RIFQI KURNIAWAN', '2012-03-14', 'Islam', 'Laki-laki', NULL, 334, 384),
(315, '1832', '124350320', 'RASYID IFHAM HAFUZA', '2012-06-04', 'Islam', 'Laki-laki', NULL, 335, 385),
(316, '1833', '113204485', 'REGA NOVENDIAN ARAFAH', '2011-07-11', 'Islam', 'Laki-laki', NULL, 336, 386),
(317, '1834', '114553240', 'REZA AZKARUL JAMIL', '2011-09-06', 'Islam', 'Laki-laki', NULL, 337, 387),
(318, '1835', '114874548', 'RIZKI ADE APRILLIANO', '2011-07-07', 'Islam', 'Laki-laki', NULL, 338, 388),
(319, '1894', '93980106', 'RYO PUTRA SANJAYA PAMUNGKAS', '2009-10-14', 'Islam', 'Laki-laki', NULL, 339, 389),
(320, '1836', '118688506', 'SALSABILA DWI NINGTYAS', '2011-05-08', 'Islam', 'Perempuan', NULL, 340, 390),
(321, '1837', '114472914', 'Sofia Nafisa Ghaizani', '2011-05-09', 'Islam', 'Perempuan', NULL, 341, 391),
(322, '1838', '117101123', 'UBAY DAMA KALANI', '2011-09-27', 'Islam', 'Laki-laki', NULL, 342, 392),
(323, '1839', '116594152', 'VIONA NURRAHMA YANTI', '2011-06-04', 'Islam', 'Perempuan', NULL, 343, 393),
(324, '1841', '112089121', 'ZADA NAFI AH', '2011-07-16', 'Islam', 'Perempuan', NULL, 344, 394),
(325, '1693', '99719549', 'ACHMAD FAUZAN', '2009-06-24', 'Islam', 'Laki-laki', NULL, 345, 395),
(326, '1754', '101488379', 'Althaf Dimas Saputra', '2010-08-26', 'Islam', 'Laki-laki', NULL, 346, 396),
(327, '1755', '114442809', 'APRINSA SOFWATUNNIDA', '2011-04-01', 'Islam', 'Perempuan', NULL, 347, 397),
(328, '1756', '112157546', 'Aura Rafaida', '2011-01-15', 'Islam', 'Perempuan', NULL, 348, 398),
(329, '1757', '105600157', 'Cinta Haniva Pratiwi', '2010-11-21', 'Islam', 'Perempuan', NULL, 349, 399),
(330, '1779', '101888339', 'DZAKI ALI ALTHAF MUTHAFFAR', '2010-09-06', 'Islam', 'Laki-laki', NULL, 350, 400),
(331, '1759', '111102974', 'FATIHAH FIKRI KHAIRANI', '2011-05-10', 'Islam', 'Perempuan', NULL, 351, 401),
(332, '1760', '115899016', 'Felicia Nandira Herbawono', '2011-02-25', 'Islam', 'Perempuan', NULL, 352, 402),
(333, '1761', '109549081', 'GALVANNO REYVANRA M OKTORA', '2010-10-01', 'Islam', 'Laki-laki', NULL, 353, 403),
(334, '1762', '108677277', 'HARUN AD N', '2010-10-20', 'Islam', 'Laki-laki', NULL, 354, 404),
(335, '1763', '115003261', 'Illihusna Zahra Ardzihnii', '2011-04-27', 'Islam', 'Perempuan', NULL, 355, 405),
(336, '1764', '109077760', 'Jesica Vania', '2010-06-22', 'Islam', 'Perempuan', NULL, 356, 406),
(337, '1765', '103508291', 'KESYA ASHIVA', '2010-04-16', 'Islam', 'Perempuan', NULL, 357, 407),
(338, '1766', '105735208', 'KHANNAZ JAUHAR AKHTAR', '2010-04-28', 'Islam', 'Laki-laki', NULL, 358, 408),
(339, '1767', '104814987', 'Latifah Firdausi Nuzula', '2010-09-05', 'Islam', 'Perempuan', NULL, 359, 409),
(340, '1768', '111515383', 'Liana Febrianti Sakinah', '2011-02-03', 'Islam', 'Perempuan', NULL, 360, 410),
(341, '1769', '103789560', 'Muhammad Fatkhul Winengkhu Prasetyo', '2010-05-14', 'Islam', 'Laki-laki', NULL, 361, 411),
(342, '1770', '106237173', 'MUHAMMAD HAIDAR LUTHFY', '2010-10-04', 'Islam', 'Laki-laki', NULL, 362, 412),
(343, '1771', '115922521', 'MUHAMMAD RAFFI GHAZY AL GHIFARI', '2011-01-12', 'Islam', 'Laki-laki', NULL, 363, 413),
(344, '1772', '105206143', 'Naufal Fadhil Maulana', '2010-04-07', 'Islam', 'Laki-laki', NULL, 364, 414),
(345, '1773', '114737169', 'Naura Syifa Khairunnisa', '2011-01-03', 'Islam', 'Perempuan', NULL, 365, 415),
(346, '1774', '105027980', 'Rasyid Zakwan Azka', '2010-12-13', 'Islam', 'Laki-laki', NULL, 366, 416),
(347, '1776', '108540675', 'Rivaldy Eka Saputra', '2010-03-15', 'Islam', 'Laki-laki', NULL, 367, 417),
(348, '1778', '111709285', 'ZANUAR DWI SAFITRI', '2011-01-06', 'Islam', 'Perempuan', NULL, 368, 418);

-- --------------------------------------------------------

--
-- Table structure for table `tb_tahunajaran`
--

CREATE TABLE `tb_tahunajaran` (
  `id_tahun` int(11) NOT NULL,
  `nama` varchar(50) NOT NULL,
  `semester` enum('Ganjil','Genap') NOT NULL,
  `shared` enum('0','1') NOT NULL,
  `status` enum('0','1') NOT NULL
) ENGINE=InnoDB DEFAULT CHARSET=latin1;

--
-- Dumping data for table `tb_tahunajaran`
--

INSERT INTO `tb_tahunajaran` (`id_tahun`, `nama`, `semester`, `shared`, `status`) VALUES
(14, '2019/2020', 'Ganjil', '0', '0'),
(15, '2019/2020', 'Genap', '0', '0'),
(16, '2020/2021', 'Ganjil', '1', '1'),
(17, '2020/2021', 'Genap', '0', '0');

-- --------------------------------------------------------

--
-- Table structure for table `tb_user`
--

CREATE TABLE `tb_user` (
  `id_user` int(10) NOT NULL,
  `username` varchar(100) NOT NULL,
  `password` varchar(50) NOT NULL,
  `level` enum('admin','siswa','guru','wali kelas') NOT NULL,
  `status` enum('0','1') NOT NULL
) ENGINE=InnoDB DEFAULT CHARSET=latin1;

--
-- Dumping data for table `tb_user`
--

INSERT INTO `tb_user` (`id_user`, `username`, `password`, `level`, `status`) VALUES
(72, 'admin', '0192023a7bbd73250516f069df18b500', 'admin', '1'),
(130, 'sri@gmail.com', 'de64afa29707118024656bbdca9a60c3', 'wali kelas', '1'),
(131, 'diah@gmail.com', 'da077c492f53a269df5cfcb06eba69bd', 'wali kelas', '1'),
(132, 'siti@gmail.com', '223c1bbbe3e5d9d849b2524cde4fe1c5', 'wali kelas', '1'),
(133, 'hendri@gmail.com', 'f27b3ee60238ad4b65213b6afc766714', 'wali kelas', '1'),
(134, 'diah@gmail.com', '9abe517712a910473837b6aeebfcf4e4', 'wali kelas', '1'),
(135, 'tri@gmail.com', '6a88d47bf9cef16b5e3a2c34834d8088', 'wali kelas', '1'),
(136, 'irni@gmail.com', 'da4265ee2fbf0d230ac0a8a62db8d176', 'wali kelas', '1'),
(137, 'rumiyati@gmail.com', '69784840c50f8b6580e5db61d5b77a35', 'guru', '1'),
(138, 'damar@gmail.com', 'a3ad9728d46ad850f20807c3492f3472', 'guru', '1'),
(141, '1895', 'da33661caca12e9b374dc7f81d8bc6c9', 'siswa', '1'),
(142, '1896', '26ff1e63e58bf77930c081ea9d6181ae', 'siswa', '1'),
(143, '1897', 'fe2e370741ca21615c31c0ae9d7f2da2', 'siswa', '1'),
(144, '1898', '929a5e9ccaa4447e0687e042362c0df2', 'siswa', '1'),
(145, '1899', '84769c5f407c16aaab9d4b354a5d7061', 'siswa', '1'),
(146, '1900', 'ac6fb3ffbf46cb78f6dcf1669a5e7dc6', 'siswa', '1'),
(147, '1901', '6b1302828e8abe8f530fbb3c5483a89a', 'siswa', '1'),
(148, '1902', '83bb92ff4f225c0543c987cd8166ac8b', 'siswa', '1'),
(149, '1903', '84769c5f407c16aaab9d4b354a5d7061', 'siswa', '1'),
(150, '1904', 'c4f75fc4d23d9e59f2b72b1f29748cba', 'siswa', '1'),
(151, '1934', '929a5e9ccaa4447e0687e042362c0df2', 'siswa', '1'),
(152, '1906', '929a5e9ccaa4447e0687e042362c0df2', 'siswa', '1'),
(153, '1907', '26ff1e63e58bf77930c081ea9d6181ae', 'siswa', '1'),
(154, '1908', '59b1be1f6d7f547c81bea790119f2887', 'siswa', '1'),
(155, '1909', '15a9fdb942b9fbf8831908c6712dd6b6', 'siswa', '1'),
(156, '1910', '59b1be1f6d7f547c81bea790119f2887', 'siswa', '1'),
(157, '1911', '84769c5f407c16aaab9d4b354a5d7061', 'siswa', '1'),
(158, '1912', '6b1302828e8abe8f530fbb3c5483a89a', 'siswa', '1'),
(159, '1913', '84769c5f407c16aaab9d4b354a5d7061', 'siswa', '1'),
(160, '1914', '033c6ef715871f57a63c924e34be834c', 'siswa', '1'),
(161, '1915', 'fa2635d3a3aef541e70d05bca4888f4a', 'siswa', '1'),
(162, '1916', '189bd3e43fd87804928e1de8c4cbda0f', 'siswa', '1'),
(163, '1917', '189bd3e43fd87804928e1de8c4cbda0f', 'siswa', '1'),
(164, '1918', '26ff1e63e58bf77930c081ea9d6181ae', 'siswa', '1'),
(165, '1919', 'fe2e370741ca21615c31c0ae9d7f2da2', 'siswa', '1'),
(166, '1920', '59b1be1f6d7f547c81bea790119f2887', 'siswa', '1'),
(167, '1921', '189bd3e43fd87804928e1de8c4cbda0f', 'siswa', '1'),
(168, '1922', '929a5e9ccaa4447e0687e042362c0df2', 'siswa', '1'),
(169, '1923', '929a5e9ccaa4447e0687e042362c0df2', 'siswa', '1'),
(170, '1924', '6a45d49f5981318eb26aafcf3b124a32', 'siswa', '1'),
(171, '1925', '6b1302828e8abe8f530fbb3c5483a89a', 'siswa', '1'),
(172, '1926', '26ff1e63e58bf77930c081ea9d6181ae', 'siswa', '1'),
(173, '1927', '929a5e9ccaa4447e0687e042362c0df2', 'siswa', '1'),
(174, '1928', '033c6ef715871f57a63c924e34be834c', 'siswa', '1'),
(175, '1929', 'c4f75fc4d23d9e59f2b72b1f29748cba', 'siswa', '1'),
(176, '1877', '1883c753f643bcd16e375d8b7365b221', 'siswa', '1'),
(177, '1930', '189bd3e43fd87804928e1de8c4cbda0f', 'siswa', '1'),
(178, '1931', '189bd3e43fd87804928e1de8c4cbda0f', 'siswa', '1'),
(179, '1932', 'ac6fb3ffbf46cb78f6dcf1669a5e7dc6', 'siswa', '1'),
(180, '1933', 'df3a12de35cd27c40d78eca6baa8e783', 'siswa', '1'),
(181, '1905', '32b8c96e54b0ef6cd1c3ef42671efa40', 'siswa', '1'),
(182, '1935', '6a45d49f5981318eb26aafcf3b124a32', 'siswa', '1'),
(183, '1936', '59b1be1f6d7f547c81bea790119f2887', 'siswa', '1'),
(184, '1937', '189bd3e43fd87804928e1de8c4cbda0f', 'siswa', '1'),
(185, '1938', '15a9fdb942b9fbf8831908c6712dd6b6', 'siswa', '1'),
(186, '1939', '189bd3e43fd87804928e1de8c4cbda0f', 'siswa', '1'),
(187, '1940', '189bd3e43fd87804928e1de8c4cbda0f', 'siswa', '1'),
(188, '1941', 'fe2e370741ca21615c31c0ae9d7f2da2', 'siswa', '1'),
(189, '1942', '929a5e9ccaa4447e0687e042362c0df2', 'siswa', '1'),
(190, '1943', 'ac6fb3ffbf46cb78f6dcf1669a5e7dc6', 'siswa', '1'),
(191, '1944', '83bb92ff4f225c0543c987cd8166ac8b', 'siswa', '1'),
(192, '1945', 'fe2e370741ca21615c31c0ae9d7f2da2', 'siswa', '1'),
(193, '1946', '59b1be1f6d7f547c81bea790119f2887', 'siswa', '1'),
(194, '1947', '6b1302828e8abe8f530fbb3c5483a89a', 'siswa', '1'),
(195, '1845', '9d0f94d6976f3f1181fc9a2380ba3902', 'siswa', '1'),
(196, '1846', '75bf4cbf1f19aeaa6c2a92d051bfc601', 'siswa', '1'),
(197, '1847', '1883c753f643bcd16e375d8b7365b221', 'siswa', '1'),
(198, '1848', '32b8c96e54b0ef6cd1c3ef42671efa40', 'siswa', '1'),
(199, '1849', '656f6976d63b888173fe09ff5725eb48', 'siswa', '1'),
(200, '1850', '2062f97d540fb64c2ddb62133e6110eb', 'siswa', '1'),
(201, '1851', '1883c753f643bcd16e375d8b7365b221', 'siswa', '1'),
(202, '1852', '26ff1e63e58bf77930c081ea9d6181ae', 'siswa', '1'),
(203, '1853', 'daf01a00f34bca74b2fbf463816642dc', 'siswa', '1'),
(204, '1854', '75bf4cbf1f19aeaa6c2a92d051bfc601', 'siswa', '1'),
(205, '1855', '1883c753f643bcd16e375d8b7365b221', 'siswa', '1'),
(206, '1856', 'be4fc8968b453e72b5e246cfddf8d968', 'siswa', '1'),
(207, '1857', 'daf01a00f34bca74b2fbf463816642dc', 'siswa', '1'),
(208, '1858', 'e7d9117f3ceaa7e7196359c64838f9c0', 'siswa', '1'),
(209, '1859', '9d0f94d6976f3f1181fc9a2380ba3902', 'siswa', '1'),
(210, '1860', '2062f97d540fb64c2ddb62133e6110eb', 'siswa', '1'),
(211, '1861', 'e9b782aee7643d7e7ee2a2c81028b808', 'siswa', '1'),
(212, '1862', 'be4fc8968b453e72b5e246cfddf8d968', 'siswa', '1'),
(213, '1863', '2062f97d540fb64c2ddb62133e6110eb', 'siswa', '1'),
(214, '1864', '1883c753f643bcd16e375d8b7365b221', 'siswa', '1'),
(215, '1865', '9d0f94d6976f3f1181fc9a2380ba3902', 'siswa', '1'),
(216, '1866', '32b8c96e54b0ef6cd1c3ef42671efa40', 'siswa', '1'),
(217, '1867', 'be4fc8968b453e72b5e246cfddf8d968', 'siswa', '1'),
(218, '1868', '83bb92ff4f225c0543c987cd8166ac8b', 'siswa', '1'),
(219, '1783', 'bb3ba81ed6d947091326f91111c4d84c', 'siswa', '1'),
(220, '1784', 'c5433e915c5f181ec0076dae35c7cef5', 'siswa', '1'),
(221, '1785', 'e7d9117f3ceaa7e7196359c64838f9c0', 'siswa', '1'),
(222, '1786', 'd239e1181613fc9b7d9726b065661300', 'siswa', '1'),
(223, '1787', '986d16b67ee72042a817b5fdf42ef4fb', 'siswa', '1'),
(224, '1788', 'bb3ba81ed6d947091326f91111c4d84c', 'siswa', '1'),
(225, '1789', 'e7d9117f3ceaa7e7196359c64838f9c0', 'siswa', '1'),
(226, '1790', 'fdb168bd3a518f4993766400e61e030d', 'siswa', '1'),
(227, '1791', '691c75ebd54a93d397d001bf9a28f6b5', 'siswa', '1'),
(228, '1792', 'c0f61049a0d8d190e3c7e4dd3255c796', 'siswa', '1'),
(229, '1793', '3566720fa62ddef0475fbe6692adc012', 'siswa', '1'),
(230, '1794', '897e0a3cb9c449c57d7c8a556b97c1ac', 'siswa', '1'),
(231, '1842', '59b1be1f6d7f547c81bea790119f2887', 'siswa', '1'),
(232, '1795', 'fdb168bd3a518f4993766400e61e030d', 'siswa', '1'),
(233, '1796', 'e7d9117f3ceaa7e7196359c64838f9c0', 'siswa', '1'),
(234, '1797', 'f2cfa59f2136faafb57293e539bf5b53', 'siswa', '1'),
(235, '1798', 'e7d9117f3ceaa7e7196359c64838f9c0', 'siswa', '1'),
(236, '1799', '691c75ebd54a93d397d001bf9a28f6b5', 'siswa', '1'),
(237, '1800', 'c5433e915c5f181ec0076dae35c7cef5', 'siswa', '1'),
(238, '1893', '75bf4cbf1f19aeaa6c2a92d051bfc601', 'siswa', '1'),
(239, '1803', 'd239e1181613fc9b7d9726b065661300', 'siswa', '1'),
(240, '1804', '897e0a3cb9c449c57d7c8a556b97c1ac', 'siswa', '1'),
(241, '1805', 'e7d9117f3ceaa7e7196359c64838f9c0', 'siswa', '1'),
(242, '1806', '656f6976d63b888173fe09ff5725eb48', 'siswa', '1'),
(243, '1807', 'bb3ba81ed6d947091326f91111c4d84c', 'siswa', '1'),
(244, '1808', 'e9b782aee7643d7e7ee2a2c81028b808', 'siswa', '1'),
(245, '1810', '656f6976d63b888173fe09ff5725eb48', 'siswa', '1'),
(246, '1811', 'bec7bb95be1398c809c9ca025669d973', 'siswa', '1'),
(247, '1812', 'c0f61049a0d8d190e3c7e4dd3255c796', 'siswa', '1'),
(248, '1729', '44ec9875ec78e418bb12ea541af4849f', 'siswa', '1'),
(249, '1698', '41cd5981ddb9960e7b98211462559f67', 'siswa', '1'),
(250, '1730', '8d1b25d27f93ccf74fea45bc2bb0e5aa', 'siswa', '1'),
(251, '1731', '04eea904f790228a2f142addc39a2ec9', 'siswa', '1'),
(252, '1732', '17bf7890bc62cacf1724432cbfee17ba', 'siswa', '1'),
(253, '1733', 'f6e38a4b4d934ffb9ba5c196ce28d87c', 'siswa', '1'),
(254, '1734', '078c0160c9f94294fa8a9216d009f602', 'siswa', '1'),
(255, '1735', 'e6f971aa53cb65f885d8326726933f9d', 'siswa', '1'),
(256, '1736', '9ed987c31c68b6b302a254fa99eb817b', 'siswa', '1'),
(257, '1737', '986d16b67ee72042a817b5fdf42ef4fb', 'siswa', '1'),
(258, '1738', '8d1b25d27f93ccf74fea45bc2bb0e5aa', 'siswa', '1'),
(259, '1739', '9ed987c31c68b6b302a254fa99eb817b', 'siswa', '1'),
(260, '1740', '44ec9875ec78e418bb12ea541af4849f', 'siswa', '1'),
(261, '1741', '2cd7a1b24c063360e497967edd2e9d9a', 'siswa', '1'),
(262, '1742', 'bb3ba81ed6d947091326f91111c4d84c', 'siswa', '1'),
(263, '1743', '2cd7a1b24c063360e497967edd2e9d9a', 'siswa', '1'),
(264, '1744', 'e9ac1f73be8c016431593514e9d70ea1', 'siswa', '1'),
(265, '1745', '986d16b67ee72042a817b5fdf42ef4fb', 'siswa', '1'),
(266, '1746', '986d16b67ee72042a817b5fdf42ef4fb', 'siswa', '1'),
(267, '1747', '17bf7890bc62cacf1724432cbfee17ba', 'siswa', '1'),
(268, '1748', '3566720fa62ddef0475fbe6692adc012', 'siswa', '1'),
(269, '1749', '3566720fa62ddef0475fbe6692adc012', 'siswa', '1'),
(270, '1716', '8d1b25d27f93ccf74fea45bc2bb0e5aa', 'siswa', '1'),
(271, '1718', 'eb2d3cb724209df3edb1ee0162b78204', 'siswa', '1'),
(272, '1750', '17bf7890bc62cacf1724432cbfee17ba', 'siswa', '1'),
(273, '1751', '04eea904f790228a2f142addc39a2ec9', 'siswa', '1'),
(274, '1752', '04eea904f790228a2f142addc39a2ec9', 'siswa', '1'),
(275, '1692', 'aeb9c328872eb7a71e97f2856d8206e0', 'siswa', '1'),
(276, '1695', '5c40637db9e64b69d4e949dd3f79b312', 'siswa', '1'),
(277, '1696', '8d1b25d27f93ccf74fea45bc2bb0e5aa', 'siswa', '1'),
(278, '1697', 'aeb9c328872eb7a71e97f2856d8206e0', 'siswa', '1'),
(279, '1654', 'a843e1e1f3f2b609b73efbd28ed880d1', 'siswa', '1'),
(280, '1699', 'e024f82fd59e2058584928541f84d32b', 'siswa', '1'),
(281, '1700', '8d1b25d27f93ccf74fea45bc2bb0e5aa', 'siswa', '1'),
(282, '1701', '41cd5981ddb9960e7b98211462559f67', 'siswa', '1'),
(283, '1702', 'e9ac1f73be8c016431593514e9d70ea1', 'siswa', '1'),
(284, '1703', 'aeb9c328872eb7a71e97f2856d8206e0', 'siswa', '1'),
(285, '1704', '41cd5981ddb9960e7b98211462559f67', 'siswa', '1'),
(286, '1663', 'a843e1e1f3f2b609b73efbd28ed880d1', 'siswa', '1'),
(287, '1705', '69a382811e6dbf95f2744d64249eb913', 'siswa', '1'),
(288, '1706', '8d1b25d27f93ccf74fea45bc2bb0e5aa', 'siswa', '1'),
(289, '1707', '8d1b25d27f93ccf74fea45bc2bb0e5aa', 'siswa', '1'),
(290, '1708', '8d1b25d27f93ccf74fea45bc2bb0e5aa', 'siswa', '1'),
(291, '1725', '2b0aa2acff394e92ddbe9f83da50554d', 'siswa', '1'),
(292, '1709', '41cd5981ddb9960e7b98211462559f67', 'siswa', '1'),
(293, '1666', 'a843e1e1f3f2b609b73efbd28ed880d1', 'siswa', '1'),
(294, '1710', 'e85f5d69042904aa6a9192b62699125a', 'siswa', '1'),
(295, '1711', '69a382811e6dbf95f2744d64249eb913', 'siswa', '1'),
(296, '1712', 'a843e1e1f3f2b609b73efbd28ed880d1', 'siswa', '1'),
(297, '1713', '60fc815f26823dcae01685f47e4c01b9', 'siswa', '1'),
(298, '1714', '69a382811e6dbf95f2744d64249eb913', 'siswa', '1'),
(299, '1715', 'aeb9c328872eb7a71e97f2856d8206e0', 'siswa', '1'),
(300, '1717', '2b0aa2acff394e92ddbe9f83da50554d', 'siswa', '1'),
(301, '1719', '078c0160c9f94294fa8a9216d009f602', 'siswa', '1'),
(302, '1720', '69a382811e6dbf95f2744d64249eb913', 'siswa', '1'),
(303, '1723', '66686eeebd8734fc5ce27e580b0a9861', 'siswa', '1'),
(304, '1724', '9e7c83aa4ae40d240c2384d301e60e5f', 'siswa', '1'),
(305, '1646', '2f6e83e9c5da5e9f82790ff8d413e1c1', 'siswa', '1'),
(307, '1620', 'e647a8d779c744b2c28c49a8a417219b', 'siswa', '1'),
(308, '1648', '2f6e83e9c5da5e9f82790ff8d413e1c1', 'siswa', '1'),
(309, '1649', '220e84cfad8838b8f0d77c0dab92b05d', 'siswa', '1'),
(310, '1650', 'bcdb13ffa6e39e41783a4897040e6b29', 'siswa', '1'),
(311, '1652', 'f8365e60c09cb72ff566abbc48b42f93', 'siswa', '1'),
(312, '1653', '220e84cfad8838b8f0d77c0dab92b05d', 'siswa', '1'),
(313, '1655', 'bcdb13ffa6e39e41783a4897040e6b29', 'siswa', '1'),
(314, '1656', '5c6b0d6d6a32c210e94cd6b2831b685e', 'siswa', '1'),
(315, '1657', '5145b3178e453cee06fc378e37609bdc', 'siswa', '1'),
(316, '1658', 'c1947eab0ac1b9a549d0a0bd1cbe6aa5', 'siswa', '1'),
(317, '1659', '66686eeebd8734fc5ce27e580b0a9861', 'siswa', '1'),
(318, '1660', '220e84cfad8838b8f0d77c0dab92b05d', 'siswa', '1'),
(319, '1662', '246d128e540816b2b85e070a6e43fe95', 'siswa', '1'),
(320, '1664', '2f6e83e9c5da5e9f82790ff8d413e1c1', 'siswa', '1'),
(321, '1665', '66686eeebd8734fc5ce27e580b0a9861', 'siswa', '1'),
(322, '1727', 'c1947eab0ac1b9a549d0a0bd1cbe6aa5', 'siswa', '1'),
(323, '1668', '66686eeebd8734fc5ce27e580b0a9861', 'siswa', '1'),
(324, '1782', '5145b3178e453cee06fc378e37609bdc', 'siswa', '1'),
(325, '1669', 'c1947eab0ac1b9a549d0a0bd1cbe6aa5', 'siswa', '1'),
(326, '1670', '5145b3178e453cee06fc378e37609bdc', 'siswa', '1'),
(327, '1672', '9ac503cb9ed098d7607189e83d0b1cda', 'siswa', '1'),
(328, '1673', '2b0aa2acff394e92ddbe9f83da50554d', 'siswa', '1'),
(329, '1674', 'c1947eab0ac1b9a549d0a0bd1cbe6aa5', 'siswa', '1'),
(330, '1675', 'f8365e60c09cb72ff566abbc48b42f93', 'siswa', '1'),
(331, '1688', 'b043ca2e6d031cf220a37c6797168b2c', 'siswa', '1'),
(332, '1676', '2b0aa2acff394e92ddbe9f83da50554d', 'siswa', '1'),
(333, '1892', 'bcdb13ffa6e39e41783a4897040e6b29', 'siswa', '1'),
(334, '1677', '5c6b0d6d6a32c210e94cd6b2831b685e', 'siswa', '1'),
(335, '1679', 'bcdb13ffa6e39e41783a4897040e6b29', 'siswa', '1'),
(336, '1680', '72a746a0825577f037fb179a617ae068', 'siswa', '1'),
(337, '1681', '66686eeebd8734fc5ce27e580b0a9861', 'siswa', '1'),
(338, '1948', 'd32ce9e4864e399d9f244e41d55d3a18', 'siswa', '1'),
(339, '1682', 'a843e1e1f3f2b609b73efbd28ed880d1', 'siswa', '1'),
(340, '1640', '01d8c877bfda8a01bab754fcfb6b9b29', 'siswa', '1'),
(341, '1683', 'bcdb13ffa6e39e41783a4897040e6b29', 'siswa', '1'),
(342, '1684', '5145b3178e453cee06fc378e37609bdc', 'siswa', '1'),
(343, '1869', '75bf4cbf1f19aeaa6c2a92d051bfc601', 'siswa', '1'),
(344, '1870', '75bf4cbf1f19aeaa6c2a92d051bfc601', 'siswa', '1'),
(345, '1871', '1883c753f643bcd16e375d8b7365b221', 'siswa', '1'),
(346, '1872', '32b8c96e54b0ef6cd1c3ef42671efa40', 'siswa', '1'),
(347, '1873', '656f6976d63b888173fe09ff5725eb48', 'siswa', '1'),
(348, '1874', '1883c753f643bcd16e375d8b7365b221', 'siswa', '1'),
(349, '1875', 'e7d9117f3ceaa7e7196359c64838f9c0', 'siswa', '1'),
(350, '1876', 'c0f61049a0d8d190e3c7e4dd3255c796', 'siswa', '1'),
(351, '1878', '83bb92ff4f225c0543c987cd8166ac8b', 'siswa', '1'),
(352, '1879', '1883c753f643bcd16e375d8b7365b221', 'siswa', '1'),
(353, '1824', 'bec7bb95be1398c809c9ca025669d973', 'siswa', '1'),
(354, '1880', '75bf4cbf1f19aeaa6c2a92d051bfc601', 'siswa', '1'),
(355, '1881', '9d0f94d6976f3f1181fc9a2380ba3902', 'siswa', '1'),
(356, '1882', 'e9b782aee7643d7e7ee2a2c81028b808', 'siswa', '1'),
(357, '1883', '897e0a3cb9c449c57d7c8a556b97c1ac', 'siswa', '1'),
(358, '1884', '1883c753f643bcd16e375d8b7365b221', 'siswa', '1'),
(359, '1885', '9d0f94d6976f3f1181fc9a2380ba3902', 'siswa', '1'),
(360, '1886', '033c6ef715871f57a63c924e34be834c', 'siswa', '1'),
(361, '1887', 'daf01a00f34bca74b2fbf463816642dc', 'siswa', '1'),
(362, '1888', '9d0f94d6976f3f1181fc9a2380ba3902', 'siswa', '1'),
(363, '1889', 'bec7bb95be1398c809c9ca025669d973', 'siswa', '1'),
(364, '1890', '1883c753f643bcd16e375d8b7365b221', 'siswa', '1'),
(365, '1891', '9d0f94d6976f3f1181fc9a2380ba3902', 'siswa', '1'),
(366, '1813', 'bec7bb95be1398c809c9ca025669d973', 'siswa', '1'),
(367, '1814', 'e9ac1f73be8c016431593514e9d70ea1', 'siswa', '1'),
(368, '1815', '691c75ebd54a93d397d001bf9a28f6b5', 'siswa', '1'),
(369, '1816', '75bf4cbf1f19aeaa6c2a92d051bfc601', 'siswa', '1'),
(370, '1817', '578019a9947079ab9ae8aa8b8dba5bc8', 'siswa', '1'),
(371, '1818', '897e0a3cb9c449c57d7c8a556b97c1ac', 'siswa', '1'),
(372, '1819', 'e7d9117f3ceaa7e7196359c64838f9c0', 'siswa', '1'),
(373, '1820', 'c0f61049a0d8d190e3c7e4dd3255c796', 'siswa', '1'),
(374, '1821', '656f6976d63b888173fe09ff5725eb48', 'siswa', '1'),
(375, '1822', '9ed987c31c68b6b302a254fa99eb817b', 'siswa', '1'),
(376, '1758', 'f6e38a4b4d934ffb9ba5c196ce28d87c', 'siswa', '1'),
(377, '1823', '9d0f94d6976f3f1181fc9a2380ba3902', 'siswa', '1'),
(378, '1825', '691c75ebd54a93d397d001bf9a28f6b5', 'siswa', '1'),
(379, '1826', '3566720fa62ddef0475fbe6692adc012', 'siswa', '1'),
(380, '1827', 'bec7bb95be1398c809c9ca025669d973', 'siswa', '1'),
(381, '1828', 'c0f61049a0d8d190e3c7e4dd3255c796', 'siswa', '1'),
(382, '1829', 'e7d9117f3ceaa7e7196359c64838f9c0', 'siswa', '1'),
(383, '1780', 'c0f61049a0d8d190e3c7e4dd3255c796', 'siswa', '1'),
(384, '1830', '9d0f94d6976f3f1181fc9a2380ba3902', 'siswa', '1'),
(385, '1832', '75bf4cbf1f19aeaa6c2a92d051bfc601', 'siswa', '1'),
(386, '1833', 'c0f61049a0d8d190e3c7e4dd3255c796', 'siswa', '1'),
(387, '1834', '897e0a3cb9c449c57d7c8a556b97c1ac', 'siswa', '1'),
(388, '1835', 'c0f61049a0d8d190e3c7e4dd3255c796', 'siswa', '1'),
(389, '1894', '5c40637db9e64b69d4e949dd3f79b312', 'siswa', '1'),
(390, '1836', 'd239e1181613fc9b7d9726b065661300', 'siswa', '1'),
(391, '1837', 'd239e1181613fc9b7d9726b065661300', 'siswa', '1'),
(392, '1838', '897e0a3cb9c449c57d7c8a556b97c1ac', 'siswa', '1'),
(393, '1839', 'fdb168bd3a518f4993766400e61e030d', 'siswa', '1'),
(394, '1841', 'c0f61049a0d8d190e3c7e4dd3255c796', 'siswa', '1'),
(395, '1693', 'a843e1e1f3f2b609b73efbd28ed880d1', 'siswa', '1'),
(396, '1754', '44ec9875ec78e418bb12ea541af4849f', 'siswa', '1'),
(397, '1755', 'bb3ba81ed6d947091326f91111c4d84c', 'siswa', '1'),
(398, '1756', '986d16b67ee72042a817b5fdf42ef4fb', 'siswa', '1'),
(399, '1757', '04eea904f790228a2f142addc39a2ec9', 'siswa', '1'),
(400, '1779', '17bf7890bc62cacf1724432cbfee17ba', 'siswa', '1'),
(401, '1759', 'd239e1181613fc9b7d9726b065661300', 'siswa', '1'),
(402, '1760', '9ed987c31c68b6b302a254fa99eb817b', 'siswa', '1'),
(403, '1761', 'e9ac1f73be8c016431593514e9d70ea1', 'siswa', '1'),
(404, '1762', 'e9ac1f73be8c016431593514e9d70ea1', 'siswa', '1'),
(405, '1763', 'bb3ba81ed6d947091326f91111c4d84c', 'siswa', '1'),
(406, '1764', '2cd7a1b24c063360e497967edd2e9d9a', 'siswa', '1'),
(407, '1765', 'e6f971aa53cb65f885d8326726933f9d', 'siswa', '1'),
(408, '1766', 'e6f971aa53cb65f885d8326726933f9d', 'siswa', '1'),
(409, '1767', '17bf7890bc62cacf1724432cbfee17ba', 'siswa', '1'),
(410, '1768', '9ed987c31c68b6b302a254fa99eb817b', 'siswa', '1'),
(411, '1769', '078c0160c9f94294fa8a9216d009f602', 'siswa', '1'),
(412, '1770', 'e9ac1f73be8c016431593514e9d70ea1', 'siswa', '1'),
(413, '1771', '986d16b67ee72042a817b5fdf42ef4fb', 'siswa', '1'),
(414, '1772', 'e6f971aa53cb65f885d8326726933f9d', 'siswa', '1'),
(415, '1773', '986d16b67ee72042a817b5fdf42ef4fb', 'siswa', '1'),
(416, '1774', '6064e6d3493f8079cfc90a3ba5536fdc', 'siswa', '1'),
(417, '1776', '60fc815f26823dcae01685f47e4c01b9', 'siswa', '1'),
(418, '1778', '986d16b67ee72042a817b5fdf42ef4fb', 'siswa', '1'),
(419, 'ika@gmail.com', '0d93f20bff2719ab378a026fec5c3138', 'wali kelas', '1'),
(420, 'slamet@gmail.com', 'ccc9231ebf08ed0068d234e1dafd9b95', 'wali kelas', '1'),
(421, 'indri@gmail.com', '1e7e32e7cf72209122555e7e453da975', 'wali kelas', '1');

--
-- Indexes for dumped tables
--

--
-- Indexes for table `tb_admin`
--
ALTER TABLE `tb_admin`
  ADD PRIMARY KEY (`id_admin`),
  ADD KEY `tb_admin_FK` (`id_user`);

--
-- Indexes for table `tb_alamat`
--
ALTER TABLE `tb_alamat`
  ADD PRIMARY KEY (`id_alamat`);

--
-- Indexes for table `tb_arsipnilai`
--
ALTER TABLE `tb_arsipnilai`
  ADD PRIMARY KEY (`id_arsip`),
  ADD KEY `tb_arsipnilai_FK` (`id_kd`),
  ADD KEY `tb_arsipnilai_FK_1` (`id_datasiswa`);

--
-- Indexes for table `tb_datasiswa`
--
ALTER TABLE `tb_datasiswa`
  ADD PRIMARY KEY (`id_datasiswa`),
  ADD KEY `tb_datasiswa_FK` (`id_kelas`),
  ADD KEY `tb_datasiswa_FK_1` (`id_siswa`);

--
-- Indexes for table `tb_guru`
--
ALTER TABLE `tb_guru`
  ADD PRIMARY KEY (`id_guru`),
  ADD KEY `tb_guru_FK` (`id_user`);

--
-- Indexes for table `tb_kd`
--
ALTER TABLE `tb_kd`
  ADD PRIMARY KEY (`id_kd`),
  ADD KEY `tb_tema_FK` (`id_mapel`);

--
-- Indexes for table `tb_kelas`
--
ALTER TABLE `tb_kelas`
  ADD PRIMARY KEY (`id_kelas`);

--
-- Indexes for table `tb_matapelajaran`
--
ALTER TABLE `tb_matapelajaran`
  ADD PRIMARY KEY (`id_mapel`);

--
-- Indexes for table `tb_nilai`
--
ALTER TABLE `tb_nilai`
  ADD PRIMARY KEY (`id_nilai`),
  ADD KEY `tb_nilai_FK_1` (`id_kd`),
  ADD KEY `tb_nilai_FK` (`id_datasiswa`);

--
-- Indexes for table `tb_orangtua`
--
ALTER TABLE `tb_orangtua`
  ADD PRIMARY KEY (`id_orangtua`),
  ADD KEY `tb_orangtua_FK` (`id_alamat`);

--
-- Indexes for table `tb_pengajar`
--
ALTER TABLE `tb_pengajar`
  ADD PRIMARY KEY (`id_pengajar`),
  ADD KEY `tb_pengajar_FK` (`id_guru`),
  ADD KEY `tb_pengajar_FK_1` (`id_kelas`),
  ADD KEY `tb_pengajar_FK_2` (`id_mapel`),
  ADD KEY `tb_pengajar_FK_3` (`id_tahun`);

--
-- Indexes for table `tb_siswa`
--
ALTER TABLE `tb_siswa`
  ADD PRIMARY KEY (`id_siswa`),
  ADD KEY `tb_siswa_FK` (`id_orangtua`),
  ADD KEY `tb_siswa_FK_2` (`id_user`);

--
-- Indexes for table `tb_tahunajaran`
--
ALTER TABLE `tb_tahunajaran`
  ADD PRIMARY KEY (`id_tahun`);

--
-- Indexes for table `tb_user`
--
ALTER TABLE `tb_user`
  ADD PRIMARY KEY (`id_user`);

--
-- AUTO_INCREMENT for dumped tables
--

--
-- AUTO_INCREMENT for table `tb_admin`
--
ALTER TABLE `tb_admin`
  MODIFY `id_admin` int(10) NOT NULL AUTO_INCREMENT, AUTO_INCREMENT=9;

--
-- AUTO_INCREMENT for table `tb_alamat`
--
ALTER TABLE `tb_alamat`
  MODIFY `id_alamat` int(10) NOT NULL AUTO_INCREMENT, AUTO_INCREMENT=359;

--
-- AUTO_INCREMENT for table `tb_arsipnilai`
--
ALTER TABLE `tb_arsipnilai`
  MODIFY `id_arsip` int(11) NOT NULL AUTO_INCREMENT, AUTO_INCREMENT=244;

--
-- AUTO_INCREMENT for table `tb_datasiswa`
--
ALTER TABLE `tb_datasiswa`
  MODIFY `id_datasiswa` int(11) NOT NULL AUTO_INCREMENT, AUTO_INCREMENT=318;

--
-- AUTO_INCREMENT for table `tb_guru`
--
ALTER TABLE `tb_guru`
  MODIFY `id_guru` int(10) NOT NULL AUTO_INCREMENT, AUTO_INCREMENT=89;

--
-- AUTO_INCREMENT for table `tb_kd`
--
ALTER TABLE `tb_kd`
  MODIFY `id_kd` int(10) NOT NULL AUTO_INCREMENT, AUTO_INCREMENT=603;

--
-- AUTO_INCREMENT for table `tb_kelas`
--
ALTER TABLE `tb_kelas`
  MODIFY `id_kelas` int(10) NOT NULL AUTO_INCREMENT, AUTO_INCREMENT=41;

--
-- AUTO_INCREMENT for table `tb_matapelajaran`
--
ALTER TABLE `tb_matapelajaran`
  MODIFY `id_mapel` int(10) NOT NULL AUTO_INCREMENT, AUTO_INCREMENT=121;

--
-- AUTO_INCREMENT for table `tb_nilai`
--
ALTER TABLE `tb_nilai`
  MODIFY `id_nilai` int(10) NOT NULL AUTO_INCREMENT, AUTO_INCREMENT=2454;

--
-- AUTO_INCREMENT for table `tb_orangtua`
--
ALTER TABLE `tb_orangtua`
  MODIFY `id_orangtua` int(10) NOT NULL AUTO_INCREMENT, AUTO_INCREMENT=369;

--
-- AUTO_INCREMENT for table `tb_pengajar`
--
ALTER TABLE `tb_pengajar`
  MODIFY `id_pengajar` int(10) NOT NULL AUTO_INCREMENT, AUTO_INCREMENT=123;

--
-- AUTO_INCREMENT for table `tb_siswa`
--
ALTER TABLE `tb_siswa`
  MODIFY `id_siswa` int(10) NOT NULL AUTO_INCREMENT, AUTO_INCREMENT=349;

--
-- AUTO_INCREMENT for table `tb_tahunajaran`
--
ALTER TABLE `tb_tahunajaran`
  MODIFY `id_tahun` int(11) NOT NULL AUTO_INCREMENT, AUTO_INCREMENT=18;

--
-- AUTO_INCREMENT for table `tb_user`
--
ALTER TABLE `tb_user`
  MODIFY `id_user` int(10) NOT NULL AUTO_INCREMENT, AUTO_INCREMENT=422;

--
-- Constraints for dumped tables
--

--
-- Constraints for table `tb_admin`
--
ALTER TABLE `tb_admin`
  ADD CONSTRAINT `tb_admin_FK` FOREIGN KEY (`id_user`) REFERENCES `tb_user` (`id_user`) ON DELETE CASCADE ON UPDATE CASCADE;

--
-- Constraints for table `tb_arsipnilai`
--
ALTER TABLE `tb_arsipnilai`
  ADD CONSTRAINT `tb_arsipnilai_FK` FOREIGN KEY (`id_kd`) REFERENCES `tb_kd` (`id_kd`) ON DELETE CASCADE ON UPDATE CASCADE,
  ADD CONSTRAINT `tb_arsipnilai_FK_1` FOREIGN KEY (`id_datasiswa`) REFERENCES `tb_datasiswa` (`id_datasiswa`) ON DELETE CASCADE ON UPDATE CASCADE;

--
-- Constraints for table `tb_datasiswa`
--
ALTER TABLE `tb_datasiswa`
  ADD CONSTRAINT `tb_datasiswa_FK` FOREIGN KEY (`id_kelas`) REFERENCES `tb_kelas` (`id_kelas`) ON DELETE CASCADE ON UPDATE CASCADE,
  ADD CONSTRAINT `tb_datasiswa_FK_1` FOREIGN KEY (`id_siswa`) REFERENCES `tb_siswa` (`id_siswa`) ON DELETE CASCADE ON UPDATE CASCADE;

--
-- Constraints for table `tb_guru`
--
ALTER TABLE `tb_guru`
  ADD CONSTRAINT `tb_guru_FK` FOREIGN KEY (`id_user`) REFERENCES `tb_user` (`id_user`) ON DELETE CASCADE ON UPDATE CASCADE;

--
-- Constraints for table `tb_kd`
--
ALTER TABLE `tb_kd`
  ADD CONSTRAINT `tb_tema_FK` FOREIGN KEY (`id_mapel`) REFERENCES `tb_matapelajaran` (`id_mapel`) ON DELETE CASCADE ON UPDATE CASCADE;

--
-- Constraints for table `tb_nilai`
--
ALTER TABLE `tb_nilai`
  ADD CONSTRAINT `tb_nilai_FK` FOREIGN KEY (`id_datasiswa`) REFERENCES `tb_datasiswa` (`id_datasiswa`) ON DELETE CASCADE ON UPDATE CASCADE,
  ADD CONSTRAINT `tb_nilai_FK_1` FOREIGN KEY (`id_kd`) REFERENCES `tb_kd` (`id_kd`) ON DELETE CASCADE ON UPDATE CASCADE;

--
-- Constraints for table `tb_orangtua`
--
ALTER TABLE `tb_orangtua`
  ADD CONSTRAINT `tb_orangtua_FK` FOREIGN KEY (`id_alamat`) REFERENCES `tb_alamat` (`id_alamat`) ON DELETE CASCADE ON UPDATE CASCADE;

--
-- Constraints for table `tb_pengajar`
--
ALTER TABLE `tb_pengajar`
  ADD CONSTRAINT `tb_pengajar_FK` FOREIGN KEY (`id_guru`) REFERENCES `tb_guru` (`id_guru`) ON DELETE CASCADE ON UPDATE CASCADE,
  ADD CONSTRAINT `tb_pengajar_FK_1` FOREIGN KEY (`id_kelas`) REFERENCES `tb_kelas` (`id_kelas`) ON DELETE CASCADE ON UPDATE CASCADE,
  ADD CONSTRAINT `tb_pengajar_FK_2` FOREIGN KEY (`id_mapel`) REFERENCES `tb_matapelajaran` (`id_mapel`) ON DELETE CASCADE ON UPDATE CASCADE,
  ADD CONSTRAINT `tb_pengajar_FK_3` FOREIGN KEY (`id_tahun`) REFERENCES `tb_tahunajaran` (`id_tahun`) ON DELETE CASCADE ON UPDATE CASCADE;

--
-- Constraints for table `tb_siswa`
--
ALTER TABLE `tb_siswa`
  ADD CONSTRAINT `tb_siswa_FK` FOREIGN KEY (`id_orangtua`) REFERENCES `tb_orangtua` (`id_orangtua`) ON DELETE CASCADE ON UPDATE CASCADE,
  ADD CONSTRAINT `tb_siswa_FK_2` FOREIGN KEY (`id_user`) REFERENCES `tb_user` (`id_user`) ON DELETE CASCADE ON UPDATE CASCADE;
COMMIT;

/*!40101 SET CHARACTER_SET_CLIENT=@OLD_CHARACTER_SET_CLIENT */;
/*!40101 SET CHARACTER_SET_RESULTS=@OLD_CHARACTER_SET_RESULTS */;
/*!40101 SET COLLATION_CONNECTION=@OLD_COLLATION_CONNECTION */;
